,module_category,component_category,year,month,time
0,M1,P02,2010,1,25
1,M1,P02,2010,2,26
2,M1,P02,2010,3,27
3,M1,P02,2010,4,28
4,M1,P02,2010,5,29
5,M1,P02,2010,6,30
6,M1,P02,2010,7,31
7,M1,P02,2010,8,32
8,M1,P02,2010,9,33
9,M1,P02,2010,10,34
10,M1,P02,2010,11,35
11,M1,P02,2010,12,36
12,M1,P02,2011,1,37
13,M1,P02,2011,2,38
14,M1,P02,2011,3,39
15,M1,P02,2011,4,40
16,M1,P02,2011,5,41
17,M1,P02,2011,6,42
18,M1,P02,2011,7,43
19,M1,P04,2010,1,25
20,M1,P04,2010,2,26
21,M1,P04,2010,3,27
22,M1,P04,2010,4,28
23,M1,P04,2010,5,29
24,M1,P04,2010,6,30
25,M1,P04,2010,7,31
26,M1,P04,2010,8,32
27,M1,P04,2010,9,33
28,M1,P04,2010,10,34
29,M1,P04,2010,11,35
30,M1,P04,2010,12,36
31,M1,P04,2011,1,37
32,M1,P04,2011,2,38
33,M1,P04,2011,3,39
34,M1,P04,2011,4,40
35,M1,P04,2011,5,41
36,M1,P04,2011,6,42
37,M1,P04,2011,7,43
38,M1,P05,2010,1,25
39,M1,P05,2010,2,26
40,M1,P05,2010,3,27
41,M1,P05,2010,4,28
42,M1,P05,2010,5,29
43,M1,P05,2010,6,30
44,M1,P05,2010,7,31
45,M1,P05,2010,8,32
46,M1,P05,2010,9,33
47,M1,P05,2010,10,34
48,M1,P05,2010,11,35
49,M1,P05,2010,12,36
50,M1,P05,2011,1,37
51,M1,P05,2011,2,38
52,M1,P05,2011,3,39
53,M1,P05,2011,4,40
54,M1,P05,2011,5,41
55,M1,P05,2011,6,42
56,M1,P05,2011,7,43
57,M1,P06,2010,1,25
58,M1,P06,2010,2,26
59,M1,P06,2010,3,27
60,M1,P06,2010,4,28
61,M1,P06,2010,5,29
62,M1,P06,2010,6,30
63,M1,P06,2010,7,31
64,M1,P06,2010,8,32
65,M1,P06,2010,9,33
66,M1,P06,2010,10,34
67,M1,P06,2010,11,35
68,M1,P06,2010,12,36
69,M1,P06,2011,1,37
70,M1,P06,2011,2,38
71,M1,P06,2011,3,39
72,M1,P06,2011,4,40
73,M1,P06,2011,5,41
74,M1,P06,2011,6,42
75,M1,P06,2011,7,43
76,M1,P09,2010,1,25
77,M1,P09,2010,2,26
78,M1,P09,2010,3,27
79,M1,P09,2010,4,28
80,M1,P09,2010,5,29
81,M1,P09,2010,6,30
82,M1,P09,2010,7,31
83,M1,P09,2010,8,32
84,M1,P09,2010,9,33
85,M1,P09,2010,10,34
86,M1,P09,2010,11,35
87,M1,P09,2010,12,36
88,M1,P09,2011,1,37
89,M1,P09,2011,2,38
90,M1,P09,2011,3,39
91,M1,P09,2011,4,40
92,M1,P09,2011,5,41
93,M1,P09,2011,6,42
94,M1,P09,2011,7,43
95,M1,P10,2010,1,25
96,M1,P10,2010,2,26
97,M1,P10,2010,3,27
98,M1,P10,2010,4,28
99,M1,P10,2010,5,29
100,M1,P10,2010,6,30
101,M1,P10,2010,7,31
102,M1,P10,2010,8,32
103,M1,P10,2010,9,33
104,M1,P10,2010,10,34
105,M1,P10,2010,11,35
106,M1,P10,2010,12,36
107,M1,P10,2011,1,37
108,M1,P10,2011,2,38
109,M1,P10,2011,3,39
110,M1,P10,2011,4,40
111,M1,P10,2011,5,41
112,M1,P10,2011,6,42
113,M1,P10,2011,7,43
114,M1,P11,2010,1,25
115,M1,P11,2010,2,26
116,M1,P11,2010,3,27
117,M1,P11,2010,4,28
118,M1,P11,2010,5,29
119,M1,P11,2010,6,30
120,M1,P11,2010,7,31
121,M1,P11,2010,8,32
122,M1,P11,2010,9,33
123,M1,P11,2010,10,34
124,M1,P11,2010,11,35
125,M1,P11,2010,12,36
126,M1,P11,2011,1,37
127,M1,P11,2011,2,38
128,M1,P11,2011,3,39
129,M1,P11,2011,4,40
130,M1,P11,2011,5,41
131,M1,P11,2011,6,42
132,M1,P11,2011,7,43
133,M1,P12,2010,1,25
134,M1,P12,2010,2,26
135,M1,P12,2010,3,27
136,M1,P12,2010,4,28
137,M1,P12,2010,5,29
138,M1,P12,2010,6,30
139,M1,P12,2010,7,31
140,M1,P12,2010,8,32
141,M1,P12,2010,9,33
142,M1,P12,2010,10,34
143,M1,P12,2010,11,35
144,M1,P12,2010,12,36
145,M1,P12,2011,1,37
146,M1,P12,2011,2,38
147,M1,P12,2011,3,39
148,M1,P12,2011,4,40
149,M1,P12,2011,5,41
150,M1,P12,2011,6,42
151,M1,P12,2011,7,43
152,M1,P13,2010,1,25
153,M1,P13,2010,2,26
154,M1,P13,2010,3,27
155,M1,P13,2010,4,28
156,M1,P13,2010,5,29
157,M1,P13,2010,6,30
158,M1,P13,2010,7,31
159,M1,P13,2010,8,32
160,M1,P13,2010,9,33
161,M1,P13,2010,10,34
162,M1,P13,2010,11,35
163,M1,P13,2010,12,36
164,M1,P13,2011,1,37
165,M1,P13,2011,2,38
166,M1,P13,2011,3,39
167,M1,P13,2011,4,40
168,M1,P13,2011,5,41
169,M1,P13,2011,6,42
170,M1,P13,2011,7,43
171,M1,P15,2010,1,25
172,M1,P15,2010,2,26
173,M1,P15,2010,3,27
174,M1,P15,2010,4,28
175,M1,P15,2010,5,29
176,M1,P15,2010,6,30
177,M1,P15,2010,7,31
178,M1,P15,2010,8,32
179,M1,P15,2010,9,33
180,M1,P15,2010,10,34
181,M1,P15,2010,11,35
182,M1,P15,2010,12,36
183,M1,P15,2011,1,37
184,M1,P15,2011,2,38
185,M1,P15,2011,3,39
186,M1,P15,2011,4,40
187,M1,P15,2011,5,41
188,M1,P15,2011,6,42
189,M1,P15,2011,7,43
190,M1,P16,2010,1,25
191,M1,P16,2010,2,26
192,M1,P16,2010,3,27
193,M1,P16,2010,4,28
194,M1,P16,2010,5,29
195,M1,P16,2010,6,30
196,M1,P16,2010,7,31
197,M1,P16,2010,8,32
198,M1,P16,2010,9,33
199,M1,P16,2010,10,34
200,M1,P16,2010,11,35
201,M1,P16,2010,12,36
202,M1,P16,2011,1,37
203,M1,P16,2011,2,38
204,M1,P16,2011,3,39
205,M1,P16,2011,4,40
206,M1,P16,2011,5,41
207,M1,P16,2011,6,42
208,M1,P16,2011,7,43
209,M1,P17,2010,1,25
210,M1,P17,2010,2,26
211,M1,P17,2010,3,27
212,M1,P17,2010,4,28
213,M1,P17,2010,5,29
214,M1,P17,2010,6,30
215,M1,P17,2010,7,31
216,M1,P17,2010,8,32
217,M1,P17,2010,9,33
218,M1,P17,2010,10,34
219,M1,P17,2010,11,35
220,M1,P17,2010,12,36
221,M1,P17,2011,1,37
222,M1,P17,2011,2,38
223,M1,P17,2011,3,39
224,M1,P17,2011,4,40
225,M1,P17,2011,5,41
226,M1,P17,2011,6,42
227,M1,P17,2011,7,43
228,M1,P19,2010,1,25
229,M1,P19,2010,2,26
230,M1,P19,2010,3,27
231,M1,P19,2010,4,28
232,M1,P19,2010,5,29
233,M1,P19,2010,6,30
234,M1,P19,2010,7,31
235,M1,P19,2010,8,32
236,M1,P19,2010,9,33
237,M1,P19,2010,10,34
238,M1,P19,2010,11,35
239,M1,P19,2010,12,36
240,M1,P19,2011,1,37
241,M1,P19,2011,2,38
242,M1,P19,2011,3,39
243,M1,P19,2011,4,40
244,M1,P19,2011,5,41
245,M1,P19,2011,6,42
246,M1,P19,2011,7,43
247,M1,P20,2010,1,25
248,M1,P20,2010,2,26
249,M1,P20,2010,3,27
250,M1,P20,2010,4,28
251,M1,P20,2010,5,29
252,M1,P20,2010,6,30
253,M1,P20,2010,7,31
254,M1,P20,2010,8,32
255,M1,P20,2010,9,33
256,M1,P20,2010,10,34
257,M1,P20,2010,11,35
258,M1,P20,2010,12,36
259,M1,P20,2011,1,37
260,M1,P20,2011,2,38
261,M1,P20,2011,3,39
262,M1,P20,2011,4,40
263,M1,P20,2011,5,41
264,M1,P20,2011,6,42
265,M1,P20,2011,7,43
266,M1,P21,2010,1,25
267,M1,P21,2010,2,26
268,M1,P21,2010,3,27
269,M1,P21,2010,4,28
270,M1,P21,2010,5,29
271,M1,P21,2010,6,30
272,M1,P21,2010,7,31
273,M1,P21,2010,8,32
274,M1,P21,2010,9,33
275,M1,P21,2010,10,34
276,M1,P21,2010,11,35
277,M1,P21,2010,12,36
278,M1,P21,2011,1,37
279,M1,P21,2011,2,38
280,M1,P21,2011,3,39
281,M1,P21,2011,4,40
282,M1,P21,2011,5,41
283,M1,P21,2011,6,42
284,M1,P21,2011,7,43
285,M1,P22,2010,1,25
286,M1,P22,2010,2,26
287,M1,P22,2010,3,27
288,M1,P22,2010,4,28
289,M1,P22,2010,5,29
290,M1,P22,2010,6,30
291,M1,P22,2010,7,31
292,M1,P22,2010,8,32
293,M1,P22,2010,9,33
294,M1,P22,2010,10,34
295,M1,P22,2010,11,35
296,M1,P22,2010,12,36
297,M1,P22,2011,1,37
298,M1,P22,2011,2,38
299,M1,P22,2011,3,39
300,M1,P22,2011,4,40
301,M1,P22,2011,5,41
302,M1,P22,2011,6,42
303,M1,P22,2011,7,43
304,M1,P24,2010,1,25
305,M1,P24,2010,2,26
306,M1,P24,2010,3,27
307,M1,P24,2010,4,28
308,M1,P24,2010,5,29
309,M1,P24,2010,6,30
310,M1,P24,2010,7,31
311,M1,P24,2010,8,32
312,M1,P24,2010,9,33
313,M1,P24,2010,10,34
314,M1,P24,2010,11,35
315,M1,P24,2010,12,36
316,M1,P24,2011,1,37
317,M1,P24,2011,2,38
318,M1,P24,2011,3,39
319,M1,P24,2011,4,40
320,M1,P24,2011,5,41
321,M1,P24,2011,6,42
322,M1,P24,2011,7,43
323,M1,P25,2010,1,25
324,M1,P25,2010,2,26
325,M1,P25,2010,3,27
326,M1,P25,2010,4,28
327,M1,P25,2010,5,29
328,M1,P25,2010,6,30
329,M1,P25,2010,7,31
330,M1,P25,2010,8,32
331,M1,P25,2010,9,33
332,M1,P25,2010,10,34
333,M1,P25,2010,11,35
334,M1,P25,2010,12,36
335,M1,P25,2011,1,37
336,M1,P25,2011,2,38
337,M1,P25,2011,3,39
338,M1,P25,2011,4,40
339,M1,P25,2011,5,41
340,M1,P25,2011,6,42
341,M1,P25,2011,7,43
342,M1,P26,2010,1,25
343,M1,P26,2010,2,26
344,M1,P26,2010,3,27
345,M1,P26,2010,4,28
346,M1,P26,2010,5,29
347,M1,P26,2010,6,30
348,M1,P26,2010,7,31
349,M1,P26,2010,8,32
350,M1,P26,2010,9,33
351,M1,P26,2010,10,34
352,M1,P26,2010,11,35
353,M1,P26,2010,12,36
354,M1,P26,2011,1,37
355,M1,P26,2011,2,38
356,M1,P26,2011,3,39
357,M1,P26,2011,4,40
358,M1,P26,2011,5,41
359,M1,P26,2011,6,42
360,M1,P26,2011,7,43
361,M1,P27,2010,1,25
362,M1,P27,2010,2,26
363,M1,P27,2010,3,27
364,M1,P27,2010,4,28
365,M1,P27,2010,5,29
366,M1,P27,2010,6,30
367,M1,P27,2010,7,31
368,M1,P27,2010,8,32
369,M1,P27,2010,9,33
370,M1,P27,2010,10,34
371,M1,P27,2010,11,35
372,M1,P27,2010,12,36
373,M1,P27,2011,1,37
374,M1,P27,2011,2,38
375,M1,P27,2011,3,39
376,M1,P27,2011,4,40
377,M1,P27,2011,5,41
378,M1,P27,2011,6,42
379,M1,P27,2011,7,43
380,M1,P28,2010,1,25
381,M1,P28,2010,2,26
382,M1,P28,2010,3,27
383,M1,P28,2010,4,28
384,M1,P28,2010,5,29
385,M1,P28,2010,6,30
386,M1,P28,2010,7,31
387,M1,P28,2010,8,32
388,M1,P28,2010,9,33
389,M1,P28,2010,10,34
390,M1,P28,2010,11,35
391,M1,P28,2010,12,36
392,M1,P28,2011,1,37
393,M1,P28,2011,2,38
394,M1,P28,2011,3,39
395,M1,P28,2011,4,40
396,M1,P28,2011,5,41
397,M1,P28,2011,6,42
398,M1,P28,2011,7,43
399,M1,P30,2010,1,25
400,M1,P30,2010,2,26
401,M1,P30,2010,3,27
402,M1,P30,2010,4,28
403,M1,P30,2010,5,29
404,M1,P30,2010,6,30
405,M1,P30,2010,7,31
406,M1,P30,2010,8,32
407,M1,P30,2010,9,33
408,M1,P30,2010,10,34
409,M1,P30,2010,11,35
410,M1,P30,2010,12,36
411,M1,P30,2011,1,37
412,M1,P30,2011,2,38
413,M1,P30,2011,3,39
414,M1,P30,2011,4,40
415,M1,P30,2011,5,41
416,M1,P30,2011,6,42
417,M1,P30,2011,7,43
418,M1,P31,2010,1,25
419,M1,P31,2010,2,26
420,M1,P31,2010,3,27
421,M1,P31,2010,4,28
422,M1,P31,2010,5,29
423,M1,P31,2010,6,30
424,M1,P31,2010,7,31
425,M1,P31,2010,8,32
426,M1,P31,2010,9,33
427,M1,P31,2010,10,34
428,M1,P31,2010,11,35
429,M1,P31,2010,12,36
430,M1,P31,2011,1,37
431,M1,P31,2011,2,38
432,M1,P31,2011,3,39
433,M1,P31,2011,4,40
434,M1,P31,2011,5,41
435,M1,P31,2011,6,42
436,M1,P31,2011,7,43
437,M2,P01,2010,1,25
438,M2,P01,2010,2,26
439,M2,P01,2010,3,27
440,M2,P01,2010,4,28
441,M2,P01,2010,5,29
442,M2,P01,2010,6,30
443,M2,P01,2010,7,31
444,M2,P01,2010,8,32
445,M2,P01,2010,9,33
446,M2,P01,2010,10,34
447,M2,P01,2010,11,35
448,M2,P01,2010,12,36
449,M2,P01,2011,1,37
450,M2,P01,2011,2,38
451,M2,P01,2011,3,39
452,M2,P01,2011,4,40
453,M2,P01,2011,5,41
454,M2,P01,2011,6,42
455,M2,P01,2011,7,43
456,M2,P02,2010,1,25
457,M2,P02,2010,2,26
458,M2,P02,2010,3,27
459,M2,P02,2010,4,28
460,M2,P02,2010,5,29
461,M2,P02,2010,6,30
462,M2,P02,2010,7,31
463,M2,P02,2010,8,32
464,M2,P02,2010,9,33
465,M2,P02,2010,10,34
466,M2,P02,2010,11,35
467,M2,P02,2010,12,36
468,M2,P02,2011,1,37
469,M2,P02,2011,2,38
470,M2,P02,2011,3,39
471,M2,P02,2011,4,40
472,M2,P02,2011,5,41
473,M2,P02,2011,6,42
474,M2,P02,2011,7,43
475,M2,P04,2010,1,25
476,M2,P04,2010,2,26
477,M2,P04,2010,3,27
478,M2,P04,2010,4,28
479,M2,P04,2010,5,29
480,M2,P04,2010,6,30
481,M2,P04,2010,7,31
482,M2,P04,2010,8,32
483,M2,P04,2010,9,33
484,M2,P04,2010,10,34
485,M2,P04,2010,11,35
486,M2,P04,2010,12,36
487,M2,P04,2011,1,37
488,M2,P04,2011,2,38
489,M2,P04,2011,3,39
490,M2,P04,2011,4,40
491,M2,P04,2011,5,41
492,M2,P04,2011,6,42
493,M2,P04,2011,7,43
494,M2,P05,2010,1,25
495,M2,P05,2010,2,26
496,M2,P05,2010,3,27
497,M2,P05,2010,4,28
498,M2,P05,2010,5,29
499,M2,P05,2010,6,30
500,M2,P05,2010,7,31
501,M2,P05,2010,8,32
502,M2,P05,2010,9,33
503,M2,P05,2010,10,34
504,M2,P05,2010,11,35
505,M2,P05,2010,12,36
506,M2,P05,2011,1,37
507,M2,P05,2011,2,38
508,M2,P05,2011,3,39
509,M2,P05,2011,4,40
510,M2,P05,2011,5,41
511,M2,P05,2011,6,42
512,M2,P05,2011,7,43
513,M2,P06,2010,1,25
514,M2,P06,2010,2,26
515,M2,P06,2010,3,27
516,M2,P06,2010,4,28
517,M2,P06,2010,5,29
518,M2,P06,2010,6,30
519,M2,P06,2010,7,31
520,M2,P06,2010,8,32
521,M2,P06,2010,9,33
522,M2,P06,2010,10,34
523,M2,P06,2010,11,35
524,M2,P06,2010,12,36
525,M2,P06,2011,1,37
526,M2,P06,2011,2,38
527,M2,P06,2011,3,39
528,M2,P06,2011,4,40
529,M2,P06,2011,5,41
530,M2,P06,2011,6,42
531,M2,P06,2011,7,43
532,M2,P07,2010,1,25
533,M2,P07,2010,2,26
534,M2,P07,2010,3,27
535,M2,P07,2010,4,28
536,M2,P07,2010,5,29
537,M2,P07,2010,6,30
538,M2,P07,2010,7,31
539,M2,P07,2010,8,32
540,M2,P07,2010,9,33
541,M2,P07,2010,10,34
542,M2,P07,2010,11,35
543,M2,P07,2010,12,36
544,M2,P07,2011,1,37
545,M2,P07,2011,2,38
546,M2,P07,2011,3,39
547,M2,P07,2011,4,40
548,M2,P07,2011,5,41
549,M2,P07,2011,6,42
550,M2,P07,2011,7,43
551,M2,P08,2010,1,25
552,M2,P08,2010,2,26
553,M2,P08,2010,3,27
554,M2,P08,2010,4,28
555,M2,P08,2010,5,29
556,M2,P08,2010,6,30
557,M2,P08,2010,7,31
558,M2,P08,2010,8,32
559,M2,P08,2010,9,33
560,M2,P08,2010,10,34
561,M2,P08,2010,11,35
562,M2,P08,2010,12,36
563,M2,P08,2011,1,37
564,M2,P08,2011,2,38
565,M2,P08,2011,3,39
566,M2,P08,2011,4,40
567,M2,P08,2011,5,41
568,M2,P08,2011,6,42
569,M2,P08,2011,7,43
570,M2,P09,2010,1,25
571,M2,P09,2010,2,26
572,M2,P09,2010,3,27
573,M2,P09,2010,4,28
574,M2,P09,2010,5,29
575,M2,P09,2010,6,30
576,M2,P09,2010,7,31
577,M2,P09,2010,8,32
578,M2,P09,2010,9,33
579,M2,P09,2010,10,34
580,M2,P09,2010,11,35
581,M2,P09,2010,12,36
582,M2,P09,2011,1,37
583,M2,P09,2011,2,38
584,M2,P09,2011,3,39
585,M2,P09,2011,4,40
586,M2,P09,2011,5,41
587,M2,P09,2011,6,42
588,M2,P09,2011,7,43
589,M2,P10,2010,1,25
590,M2,P10,2010,2,26
591,M2,P10,2010,3,27
592,M2,P10,2010,4,28
593,M2,P10,2010,5,29
594,M2,P10,2010,6,30
595,M2,P10,2010,7,31
596,M2,P10,2010,8,32
597,M2,P10,2010,9,33
598,M2,P10,2010,10,34
599,M2,P10,2010,11,35
600,M2,P10,2010,12,36
601,M2,P10,2011,1,37
602,M2,P10,2011,2,38
603,M2,P10,2011,3,39
604,M2,P10,2011,4,40
605,M2,P10,2011,5,41
606,M2,P10,2011,6,42
607,M2,P10,2011,7,43
608,M2,P11,2010,1,25
609,M2,P11,2010,2,26
610,M2,P11,2010,3,27
611,M2,P11,2010,4,28
612,M2,P11,2010,5,29
613,M2,P11,2010,6,30
614,M2,P11,2010,7,31
615,M2,P11,2010,8,32
616,M2,P11,2010,9,33
617,M2,P11,2010,10,34
618,M2,P11,2010,11,35
619,M2,P11,2010,12,36
620,M2,P11,2011,1,37
621,M2,P11,2011,2,38
622,M2,P11,2011,3,39
623,M2,P11,2011,4,40
624,M2,P11,2011,5,41
625,M2,P11,2011,6,42
626,M2,P11,2011,7,43
627,M2,P12,2010,1,25
628,M2,P12,2010,2,26
629,M2,P12,2010,3,27
630,M2,P12,2010,4,28
631,M2,P12,2010,5,29
632,M2,P12,2010,6,30
633,M2,P12,2010,7,31
634,M2,P12,2010,8,32
635,M2,P12,2010,9,33
636,M2,P12,2010,10,34
637,M2,P12,2010,11,35
638,M2,P12,2010,12,36
639,M2,P12,2011,1,37
640,M2,P12,2011,2,38
641,M2,P12,2011,3,39
642,M2,P12,2011,4,40
643,M2,P12,2011,5,41
644,M2,P12,2011,6,42
645,M2,P12,2011,7,43
646,M2,P13,2010,1,25
647,M2,P13,2010,2,26
648,M2,P13,2010,3,27
649,M2,P13,2010,4,28
650,M2,P13,2010,5,29
651,M2,P13,2010,6,30
652,M2,P13,2010,7,31
653,M2,P13,2010,8,32
654,M2,P13,2010,9,33
655,M2,P13,2010,10,34
656,M2,P13,2010,11,35
657,M2,P13,2010,12,36
658,M2,P13,2011,1,37
659,M2,P13,2011,2,38
660,M2,P13,2011,3,39
661,M2,P13,2011,4,40
662,M2,P13,2011,5,41
663,M2,P13,2011,6,42
664,M2,P13,2011,7,43
665,M2,P14,2010,1,25
666,M2,P14,2010,2,26
667,M2,P14,2010,3,27
668,M2,P14,2010,4,28
669,M2,P14,2010,5,29
670,M2,P14,2010,6,30
671,M2,P14,2010,7,31
672,M2,P14,2010,8,32
673,M2,P14,2010,9,33
674,M2,P14,2010,10,34
675,M2,P14,2010,11,35
676,M2,P14,2010,12,36
677,M2,P14,2011,1,37
678,M2,P14,2011,2,38
679,M2,P14,2011,3,39
680,M2,P14,2011,4,40
681,M2,P14,2011,5,41
682,M2,P14,2011,6,42
683,M2,P14,2011,7,43
684,M2,P15,2010,1,25
685,M2,P15,2010,2,26
686,M2,P15,2010,3,27
687,M2,P15,2010,4,28
688,M2,P15,2010,5,29
689,M2,P15,2010,6,30
690,M2,P15,2010,7,31
691,M2,P15,2010,8,32
692,M2,P15,2010,9,33
693,M2,P15,2010,10,34
694,M2,P15,2010,11,35
695,M2,P15,2010,12,36
696,M2,P15,2011,1,37
697,M2,P15,2011,2,38
698,M2,P15,2011,3,39
699,M2,P15,2011,4,40
700,M2,P15,2011,5,41
701,M2,P15,2011,6,42
702,M2,P15,2011,7,43
703,M2,P16,2010,1,25
704,M2,P16,2010,2,26
705,M2,P16,2010,3,27
706,M2,P16,2010,4,28
707,M2,P16,2010,5,29
708,M2,P16,2010,6,30
709,M2,P16,2010,7,31
710,M2,P16,2010,8,32
711,M2,P16,2010,9,33
712,M2,P16,2010,10,34
713,M2,P16,2010,11,35
714,M2,P16,2010,12,36
715,M2,P16,2011,1,37
716,M2,P16,2011,2,38
717,M2,P16,2011,3,39
718,M2,P16,2011,4,40
719,M2,P16,2011,5,41
720,M2,P16,2011,6,42
721,M2,P16,2011,7,43
722,M2,P17,2010,1,25
723,M2,P17,2010,2,26
724,M2,P17,2010,3,27
725,M2,P17,2010,4,28
726,M2,P17,2010,5,29
727,M2,P17,2010,6,30
728,M2,P17,2010,7,31
729,M2,P17,2010,8,32
730,M2,P17,2010,9,33
731,M2,P17,2010,10,34
732,M2,P17,2010,11,35
733,M2,P17,2010,12,36
734,M2,P17,2011,1,37
735,M2,P17,2011,2,38
736,M2,P17,2011,3,39
737,M2,P17,2011,4,40
738,M2,P17,2011,5,41
739,M2,P17,2011,6,42
740,M2,P17,2011,7,43
741,M2,P19,2010,1,25
742,M2,P19,2010,2,26
743,M2,P19,2010,3,27
744,M2,P19,2010,4,28
745,M2,P19,2010,5,29
746,M2,P19,2010,6,30
747,M2,P19,2010,7,31
748,M2,P19,2010,8,32
749,M2,P19,2010,9,33
750,M2,P19,2010,10,34
751,M2,P19,2010,11,35
752,M2,P19,2010,12,36
753,M2,P19,2011,1,37
754,M2,P19,2011,2,38
755,M2,P19,2011,3,39
756,M2,P19,2011,4,40
757,M2,P19,2011,5,41
758,M2,P19,2011,6,42
759,M2,P19,2011,7,43
760,M2,P20,2010,1,25
761,M2,P20,2010,2,26
762,M2,P20,2010,3,27
763,M2,P20,2010,4,28
764,M2,P20,2010,5,29
765,M2,P20,2010,6,30
766,M2,P20,2010,7,31
767,M2,P20,2010,8,32
768,M2,P20,2010,9,33
769,M2,P20,2010,10,34
770,M2,P20,2010,11,35
771,M2,P20,2010,12,36
772,M2,P20,2011,1,37
773,M2,P20,2011,2,38
774,M2,P20,2011,3,39
775,M2,P20,2011,4,40
776,M2,P20,2011,5,41
777,M2,P20,2011,6,42
778,M2,P20,2011,7,43
779,M2,P21,2010,1,25
780,M2,P21,2010,2,26
781,M2,P21,2010,3,27
782,M2,P21,2010,4,28
783,M2,P21,2010,5,29
784,M2,P21,2010,6,30
785,M2,P21,2010,7,31
786,M2,P21,2010,8,32
787,M2,P21,2010,9,33
788,M2,P21,2010,10,34
789,M2,P21,2010,11,35
790,M2,P21,2010,12,36
791,M2,P21,2011,1,37
792,M2,P21,2011,2,38
793,M2,P21,2011,3,39
794,M2,P21,2011,4,40
795,M2,P21,2011,5,41
796,M2,P21,2011,6,42
797,M2,P21,2011,7,43
798,M2,P22,2010,1,25
799,M2,P22,2010,2,26
800,M2,P22,2010,3,27
801,M2,P22,2010,4,28
802,M2,P22,2010,5,29
803,M2,P22,2010,6,30
804,M2,P22,2010,7,31
805,M2,P22,2010,8,32
806,M2,P22,2010,9,33
807,M2,P22,2010,10,34
808,M2,P22,2010,11,35
809,M2,P22,2010,12,36
810,M2,P22,2011,1,37
811,M2,P22,2011,2,38
812,M2,P22,2011,3,39
813,M2,P22,2011,4,40
814,M2,P22,2011,5,41
815,M2,P22,2011,6,42
816,M2,P22,2011,7,43
817,M2,P24,2010,1,25
818,M2,P24,2010,2,26
819,M2,P24,2010,3,27
820,M2,P24,2010,4,28
821,M2,P24,2010,5,29
822,M2,P24,2010,6,30
823,M2,P24,2010,7,31
824,M2,P24,2010,8,32
825,M2,P24,2010,9,33
826,M2,P24,2010,10,34
827,M2,P24,2010,11,35
828,M2,P24,2010,12,36
829,M2,P24,2011,1,37
830,M2,P24,2011,2,38
831,M2,P24,2011,3,39
832,M2,P24,2011,4,40
833,M2,P24,2011,5,41
834,M2,P24,2011,6,42
835,M2,P24,2011,7,43
836,M2,P25,2010,1,25
837,M2,P25,2010,2,26
838,M2,P25,2010,3,27
839,M2,P25,2010,4,28
840,M2,P25,2010,5,29
841,M2,P25,2010,6,30
842,M2,P25,2010,7,31
843,M2,P25,2010,8,32
844,M2,P25,2010,9,33
845,M2,P25,2010,10,34
846,M2,P25,2010,11,35
847,M2,P25,2010,12,36
848,M2,P25,2011,1,37
849,M2,P25,2011,2,38
850,M2,P25,2011,3,39
851,M2,P25,2011,4,40
852,M2,P25,2011,5,41
853,M2,P25,2011,6,42
854,M2,P25,2011,7,43
855,M2,P26,2010,1,25
856,M2,P26,2010,2,26
857,M2,P26,2010,3,27
858,M2,P26,2010,4,28
859,M2,P26,2010,5,29
860,M2,P26,2010,6,30
861,M2,P26,2010,7,31
862,M2,P26,2010,8,32
863,M2,P26,2010,9,33
864,M2,P26,2010,10,34
865,M2,P26,2010,11,35
866,M2,P26,2010,12,36
867,M2,P26,2011,1,37
868,M2,P26,2011,2,38
869,M2,P26,2011,3,39
870,M2,P26,2011,4,40
871,M2,P26,2011,5,41
872,M2,P26,2011,6,42
873,M2,P26,2011,7,43
874,M2,P27,2010,1,25
875,M2,P27,2010,2,26
876,M2,P27,2010,3,27
877,M2,P27,2010,4,28
878,M2,P27,2010,5,29
879,M2,P27,2010,6,30
880,M2,P27,2010,7,31
881,M2,P27,2010,8,32
882,M2,P27,2010,9,33
883,M2,P27,2010,10,34
884,M2,P27,2010,11,35
885,M2,P27,2010,12,36
886,M2,P27,2011,1,37
887,M2,P27,2011,2,38
888,M2,P27,2011,3,39
889,M2,P27,2011,4,40
890,M2,P27,2011,5,41
891,M2,P27,2011,6,42
892,M2,P27,2011,7,43
893,M2,P28,2010,1,25
894,M2,P28,2010,2,26
895,M2,P28,2010,3,27
896,M2,P28,2010,4,28
897,M2,P28,2010,5,29
898,M2,P28,2010,6,30
899,M2,P28,2010,7,31
900,M2,P28,2010,8,32
901,M2,P28,2010,9,33
902,M2,P28,2010,10,34
903,M2,P28,2010,11,35
904,M2,P28,2010,12,36
905,M2,P28,2011,1,37
906,M2,P28,2011,2,38
907,M2,P28,2011,3,39
908,M2,P28,2011,4,40
909,M2,P28,2011,5,41
910,M2,P28,2011,6,42
911,M2,P28,2011,7,43
912,M2,P29,2010,1,25
913,M2,P29,2010,2,26
914,M2,P29,2010,3,27
915,M2,P29,2010,4,28
916,M2,P29,2010,5,29
917,M2,P29,2010,6,30
918,M2,P29,2010,7,31
919,M2,P29,2010,8,32
920,M2,P29,2010,9,33
921,M2,P29,2010,10,34
922,M2,P29,2010,11,35
923,M2,P29,2010,12,36
924,M2,P29,2011,1,37
925,M2,P29,2011,2,38
926,M2,P29,2011,3,39
927,M2,P29,2011,4,40
928,M2,P29,2011,5,41
929,M2,P29,2011,6,42
930,M2,P29,2011,7,43
931,M2,P30,2010,1,25
932,M2,P30,2010,2,26
933,M2,P30,2010,3,27
934,M2,P30,2010,4,28
935,M2,P30,2010,5,29
936,M2,P30,2010,6,30
937,M2,P30,2010,7,31
938,M2,P30,2010,8,32
939,M2,P30,2010,9,33
940,M2,P30,2010,10,34
941,M2,P30,2010,11,35
942,M2,P30,2010,12,36
943,M2,P30,2011,1,37
944,M2,P30,2011,2,38
945,M2,P30,2011,3,39
946,M2,P30,2011,4,40
947,M2,P30,2011,5,41
948,M2,P30,2011,6,42
949,M2,P30,2011,7,43
950,M2,P31,2010,1,25
951,M2,P31,2010,2,26
952,M2,P31,2010,3,27
953,M2,P31,2010,4,28
954,M2,P31,2010,5,29
955,M2,P31,2010,6,30
956,M2,P31,2010,7,31
957,M2,P31,2010,8,32
958,M2,P31,2010,9,33
959,M2,P31,2010,10,34
960,M2,P31,2010,11,35
961,M2,P31,2010,12,36
962,M2,P31,2011,1,37
963,M2,P31,2011,2,38
964,M2,P31,2011,3,39
965,M2,P31,2011,4,40
966,M2,P31,2011,5,41
967,M2,P31,2011,6,42
968,M2,P31,2011,7,43
969,M3,P01,2010,1,25
970,M3,P01,2010,2,26
971,M3,P01,2010,3,27
972,M3,P01,2010,4,28
973,M3,P01,2010,5,29
974,M3,P01,2010,6,30
975,M3,P01,2010,7,31
976,M3,P01,2010,8,32
977,M3,P01,2010,9,33
978,M3,P01,2010,10,34
979,M3,P01,2010,11,35
980,M3,P01,2010,12,36
981,M3,P01,2011,1,37
982,M3,P01,2011,2,38
983,M3,P01,2011,3,39
984,M3,P01,2011,4,40
985,M3,P01,2011,5,41
986,M3,P01,2011,6,42
987,M3,P01,2011,7,43
988,M3,P02,2010,1,25
989,M3,P02,2010,2,26
990,M3,P02,2010,3,27
991,M3,P02,2010,4,28
992,M3,P02,2010,5,29
993,M3,P02,2010,6,30
994,M3,P02,2010,7,31
995,M3,P02,2010,8,32
996,M3,P02,2010,9,33
997,M3,P02,2010,10,34
998,M3,P02,2010,11,35
999,M3,P02,2010,12,36
1000,M3,P02,2011,1,37
1001,M3,P02,2011,2,38
1002,M3,P02,2011,3,39
1003,M3,P02,2011,4,40
1004,M3,P02,2011,5,41
1005,M3,P02,2011,6,42
1006,M3,P02,2011,7,43
1007,M3,P03,2010,1,25
1008,M3,P03,2010,2,26
1009,M3,P03,2010,3,27
1010,M3,P03,2010,4,28
1011,M3,P03,2010,5,29
1012,M3,P03,2010,6,30
1013,M3,P03,2010,7,31
1014,M3,P03,2010,8,32
1015,M3,P03,2010,9,33
1016,M3,P03,2010,10,34
1017,M3,P03,2010,11,35
1018,M3,P03,2010,12,36
1019,M3,P03,2011,1,37
1020,M3,P03,2011,2,38
1021,M3,P03,2011,3,39
1022,M3,P03,2011,4,40
1023,M3,P03,2011,5,41
1024,M3,P03,2011,6,42
1025,M3,P03,2011,7,43
1026,M3,P04,2010,1,25
1027,M3,P04,2010,2,26
1028,M3,P04,2010,3,27
1029,M3,P04,2010,4,28
1030,M3,P04,2010,5,29
1031,M3,P04,2010,6,30
1032,M3,P04,2010,7,31
1033,M3,P04,2010,8,32
1034,M3,P04,2010,9,33
1035,M3,P04,2010,10,34
1036,M3,P04,2010,11,35
1037,M3,P04,2010,12,36
1038,M3,P04,2011,1,37
1039,M3,P04,2011,2,38
1040,M3,P04,2011,3,39
1041,M3,P04,2011,4,40
1042,M3,P04,2011,5,41
1043,M3,P04,2011,6,42
1044,M3,P04,2011,7,43
1045,M3,P05,2010,1,25
1046,M3,P05,2010,2,26
1047,M3,P05,2010,3,27
1048,M3,P05,2010,4,28
1049,M3,P05,2010,5,29
1050,M3,P05,2010,6,30
1051,M3,P05,2010,7,31
1052,M3,P05,2010,8,32
1053,M3,P05,2010,9,33
1054,M3,P05,2010,10,34
1055,M3,P05,2010,11,35
1056,M3,P05,2010,12,36
1057,M3,P05,2011,1,37
1058,M3,P05,2011,2,38
1059,M3,P05,2011,3,39
1060,M3,P05,2011,4,40
1061,M3,P05,2011,5,41
1062,M3,P05,2011,6,42
1063,M3,P05,2011,7,43
1064,M3,P06,2010,1,25
1065,M3,P06,2010,2,26
1066,M3,P06,2010,3,27
1067,M3,P06,2010,4,28
1068,M3,P06,2010,5,29
1069,M3,P06,2010,6,30
1070,M3,P06,2010,7,31
1071,M3,P06,2010,8,32
1072,M3,P06,2010,9,33
1073,M3,P06,2010,10,34
1074,M3,P06,2010,11,35
1075,M3,P06,2010,12,36
1076,M3,P06,2011,1,37
1077,M3,P06,2011,2,38
1078,M3,P06,2011,3,39
1079,M3,P06,2011,4,40
1080,M3,P06,2011,5,41
1081,M3,P06,2011,6,42
1082,M3,P06,2011,7,43
1083,M3,P09,2010,1,25
1084,M3,P09,2010,2,26
1085,M3,P09,2010,3,27
1086,M3,P09,2010,4,28
1087,M3,P09,2010,5,29
1088,M3,P09,2010,6,30
1089,M3,P09,2010,7,31
1090,M3,P09,2010,8,32
1091,M3,P09,2010,9,33
1092,M3,P09,2010,10,34
1093,M3,P09,2010,11,35
1094,M3,P09,2010,12,36
1095,M3,P09,2011,1,37
1096,M3,P09,2011,2,38
1097,M3,P09,2011,3,39
1098,M3,P09,2011,4,40
1099,M3,P09,2011,5,41
1100,M3,P09,2011,6,42
1101,M3,P09,2011,7,43
1102,M3,P10,2010,1,25
1103,M3,P10,2010,2,26
1104,M3,P10,2010,3,27
1105,M3,P10,2010,4,28
1106,M3,P10,2010,5,29
1107,M3,P10,2010,6,30
1108,M3,P10,2010,7,31
1109,M3,P10,2010,8,32
1110,M3,P10,2010,9,33
1111,M3,P10,2010,10,34
1112,M3,P10,2010,11,35
1113,M3,P10,2010,12,36
1114,M3,P10,2011,1,37
1115,M3,P10,2011,2,38
1116,M3,P10,2011,3,39
1117,M3,P10,2011,4,40
1118,M3,P10,2011,5,41
1119,M3,P10,2011,6,42
1120,M3,P10,2011,7,43
1121,M3,P11,2010,1,25
1122,M3,P11,2010,2,26
1123,M3,P11,2010,3,27
1124,M3,P11,2010,4,28
1125,M3,P11,2010,5,29
1126,M3,P11,2010,6,30
1127,M3,P11,2010,7,31
1128,M3,P11,2010,8,32
1129,M3,P11,2010,9,33
1130,M3,P11,2010,10,34
1131,M3,P11,2010,11,35
1132,M3,P11,2010,12,36
1133,M3,P11,2011,1,37
1134,M3,P11,2011,2,38
1135,M3,P11,2011,3,39
1136,M3,P11,2011,4,40
1137,M3,P11,2011,5,41
1138,M3,P11,2011,6,42
1139,M3,P11,2011,7,43
1140,M3,P12,2010,1,25
1141,M3,P12,2010,2,26
1142,M3,P12,2010,3,27
1143,M3,P12,2010,4,28
1144,M3,P12,2010,5,29
1145,M3,P12,2010,6,30
1146,M3,P12,2010,7,31
1147,M3,P12,2010,8,32
1148,M3,P12,2010,9,33
1149,M3,P12,2010,10,34
1150,M3,P12,2010,11,35
1151,M3,P12,2010,12,36
1152,M3,P12,2011,1,37
1153,M3,P12,2011,2,38
1154,M3,P12,2011,3,39
1155,M3,P12,2011,4,40
1156,M3,P12,2011,5,41
1157,M3,P12,2011,6,42
1158,M3,P12,2011,7,43
1159,M3,P13,2010,1,25
1160,M3,P13,2010,2,26
1161,M3,P13,2010,3,27
1162,M3,P13,2010,4,28
1163,M3,P13,2010,5,29
1164,M3,P13,2010,6,30
1165,M3,P13,2010,7,31
1166,M3,P13,2010,8,32
1167,M3,P13,2010,9,33
1168,M3,P13,2010,10,34
1169,M3,P13,2010,11,35
1170,M3,P13,2010,12,36
1171,M3,P13,2011,1,37
1172,M3,P13,2011,2,38
1173,M3,P13,2011,3,39
1174,M3,P13,2011,4,40
1175,M3,P13,2011,5,41
1176,M3,P13,2011,6,42
1177,M3,P13,2011,7,43
1178,M3,P15,2010,1,25
1179,M3,P15,2010,2,26
1180,M3,P15,2010,3,27
1181,M3,P15,2010,4,28
1182,M3,P15,2010,5,29
1183,M3,P15,2010,6,30
1184,M3,P15,2010,7,31
1185,M3,P15,2010,8,32
1186,M3,P15,2010,9,33
1187,M3,P15,2010,10,34
1188,M3,P15,2010,11,35
1189,M3,P15,2010,12,36
1190,M3,P15,2011,1,37
1191,M3,P15,2011,2,38
1192,M3,P15,2011,3,39
1193,M3,P15,2011,4,40
1194,M3,P15,2011,5,41
1195,M3,P15,2011,6,42
1196,M3,P15,2011,7,43
1197,M3,P16,2010,1,25
1198,M3,P16,2010,2,26
1199,M3,P16,2010,3,27
1200,M3,P16,2010,4,28
1201,M3,P16,2010,5,29
1202,M3,P16,2010,6,30
1203,M3,P16,2010,7,31
1204,M3,P16,2010,8,32
1205,M3,P16,2010,9,33
1206,M3,P16,2010,10,34
1207,M3,P16,2010,11,35
1208,M3,P16,2010,12,36
1209,M3,P16,2011,1,37
1210,M3,P16,2011,2,38
1211,M3,P16,2011,3,39
1212,M3,P16,2011,4,40
1213,M3,P16,2011,5,41
1214,M3,P16,2011,6,42
1215,M3,P16,2011,7,43
1216,M3,P17,2010,1,25
1217,M3,P17,2010,2,26
1218,M3,P17,2010,3,27
1219,M3,P17,2010,4,28
1220,M3,P17,2010,5,29
1221,M3,P17,2010,6,30
1222,M3,P17,2010,7,31
1223,M3,P17,2010,8,32
1224,M3,P17,2010,9,33
1225,M3,P17,2010,10,34
1226,M3,P17,2010,11,35
1227,M3,P17,2010,12,36
1228,M3,P17,2011,1,37
1229,M3,P17,2011,2,38
1230,M3,P17,2011,3,39
1231,M3,P17,2011,4,40
1232,M3,P17,2011,5,41
1233,M3,P17,2011,6,42
1234,M3,P17,2011,7,43
1235,M3,P18,2010,1,25
1236,M3,P18,2010,2,26
1237,M3,P18,2010,3,27
1238,M3,P18,2010,4,28
1239,M3,P18,2010,5,29
1240,M3,P18,2010,6,30
1241,M3,P18,2010,7,31
1242,M3,P18,2010,8,32
1243,M3,P18,2010,9,33
1244,M3,P18,2010,10,34
1245,M3,P18,2010,11,35
1246,M3,P18,2010,12,36
1247,M3,P18,2011,1,37
1248,M3,P18,2011,2,38
1249,M3,P18,2011,3,39
1250,M3,P18,2011,4,40
1251,M3,P18,2011,5,41
1252,M3,P18,2011,6,42
1253,M3,P18,2011,7,43
1254,M3,P19,2010,1,25
1255,M3,P19,2010,2,26
1256,M3,P19,2010,3,27
1257,M3,P19,2010,4,28
1258,M3,P19,2010,5,29
1259,M3,P19,2010,6,30
1260,M3,P19,2010,7,31
1261,M3,P19,2010,8,32
1262,M3,P19,2010,9,33
1263,M3,P19,2010,10,34
1264,M3,P19,2010,11,35
1265,M3,P19,2010,12,36
1266,M3,P19,2011,1,37
1267,M3,P19,2011,2,38
1268,M3,P19,2011,3,39
1269,M3,P19,2011,4,40
1270,M3,P19,2011,5,41
1271,M3,P19,2011,6,42
1272,M3,P19,2011,7,43
1273,M3,P20,2010,1,25
1274,M3,P20,2010,2,26
1275,M3,P20,2010,3,27
1276,M3,P20,2010,4,28
1277,M3,P20,2010,5,29
1278,M3,P20,2010,6,30
1279,M3,P20,2010,7,31
1280,M3,P20,2010,8,32
1281,M3,P20,2010,9,33
1282,M3,P20,2010,10,34
1283,M3,P20,2010,11,35
1284,M3,P20,2010,12,36
1285,M3,P20,2011,1,37
1286,M3,P20,2011,2,38
1287,M3,P20,2011,3,39
1288,M3,P20,2011,4,40
1289,M3,P20,2011,5,41
1290,M3,P20,2011,6,42
1291,M3,P20,2011,7,43
1292,M3,P21,2010,1,25
1293,M3,P21,2010,2,26
1294,M3,P21,2010,3,27
1295,M3,P21,2010,4,28
1296,M3,P21,2010,5,29
1297,M3,P21,2010,6,30
1298,M3,P21,2010,7,31
1299,M3,P21,2010,8,32
1300,M3,P21,2010,9,33
1301,M3,P21,2010,10,34
1302,M3,P21,2010,11,35
1303,M3,P21,2010,12,36
1304,M3,P21,2011,1,37
1305,M3,P21,2011,2,38
1306,M3,P21,2011,3,39
1307,M3,P21,2011,4,40
1308,M3,P21,2011,5,41
1309,M3,P21,2011,6,42
1310,M3,P21,2011,7,43
1311,M3,P22,2010,1,25
1312,M3,P22,2010,2,26
1313,M3,P22,2010,3,27
1314,M3,P22,2010,4,28
1315,M3,P22,2010,5,29
1316,M3,P22,2010,6,30
1317,M3,P22,2010,7,31
1318,M3,P22,2010,8,32
1319,M3,P22,2010,9,33
1320,M3,P22,2010,10,34
1321,M3,P22,2010,11,35
1322,M3,P22,2010,12,36
1323,M3,P22,2011,1,37
1324,M3,P22,2011,2,38
1325,M3,P22,2011,3,39
1326,M3,P22,2011,4,40
1327,M3,P22,2011,5,41
1328,M3,P22,2011,6,42
1329,M3,P22,2011,7,43
1330,M3,P23,2010,1,25
1331,M3,P23,2010,2,26
1332,M3,P23,2010,3,27
1333,M3,P23,2010,4,28
1334,M3,P23,2010,5,29
1335,M3,P23,2010,6,30
1336,M3,P23,2010,7,31
1337,M3,P23,2010,8,32
1338,M3,P23,2010,9,33
1339,M3,P23,2010,10,34
1340,M3,P23,2010,11,35
1341,M3,P23,2010,12,36
1342,M3,P23,2011,1,37
1343,M3,P23,2011,2,38
1344,M3,P23,2011,3,39
1345,M3,P23,2011,4,40
1346,M3,P23,2011,5,41
1347,M3,P23,2011,6,42
1348,M3,P23,2011,7,43
1349,M3,P24,2010,1,25
1350,M3,P24,2010,2,26
1351,M3,P24,2010,3,27
1352,M3,P24,2010,4,28
1353,M3,P24,2010,5,29
1354,M3,P24,2010,6,30
1355,M3,P24,2010,7,31
1356,M3,P24,2010,8,32
1357,M3,P24,2010,9,33
1358,M3,P24,2010,10,34
1359,M3,P24,2010,11,35
1360,M3,P24,2010,12,36
1361,M3,P24,2011,1,37
1362,M3,P24,2011,2,38
1363,M3,P24,2011,3,39
1364,M3,P24,2011,4,40
1365,M3,P24,2011,5,41
1366,M3,P24,2011,6,42
1367,M3,P24,2011,7,43
1368,M3,P25,2010,1,25
1369,M3,P25,2010,2,26
1370,M3,P25,2010,3,27
1371,M3,P25,2010,4,28
1372,M3,P25,2010,5,29
1373,M3,P25,2010,6,30
1374,M3,P25,2010,7,31
1375,M3,P25,2010,8,32
1376,M3,P25,2010,9,33
1377,M3,P25,2010,10,34
1378,M3,P25,2010,11,35
1379,M3,P25,2010,12,36
1380,M3,P25,2011,1,37
1381,M3,P25,2011,2,38
1382,M3,P25,2011,3,39
1383,M3,P25,2011,4,40
1384,M3,P25,2011,5,41
1385,M3,P25,2011,6,42
1386,M3,P25,2011,7,43
1387,M3,P26,2010,1,25
1388,M3,P26,2010,2,26
1389,M3,P26,2010,3,27
1390,M3,P26,2010,4,28
1391,M3,P26,2010,5,29
1392,M3,P26,2010,6,30
1393,M3,P26,2010,7,31
1394,M3,P26,2010,8,32
1395,M3,P26,2010,9,33
1396,M3,P26,2010,10,34
1397,M3,P26,2010,11,35
1398,M3,P26,2010,12,36
1399,M3,P26,2011,1,37
1400,M3,P26,2011,2,38
1401,M3,P26,2011,3,39
1402,M3,P26,2011,4,40
1403,M3,P26,2011,5,41
1404,M3,P26,2011,6,42
1405,M3,P26,2011,7,43
1406,M3,P27,2010,1,25
1407,M3,P27,2010,2,26
1408,M3,P27,2010,3,27
1409,M3,P27,2010,4,28
1410,M3,P27,2010,5,29
1411,M3,P27,2010,6,30
1412,M3,P27,2010,7,31
1413,M3,P27,2010,8,32
1414,M3,P27,2010,9,33
1415,M3,P27,2010,10,34
1416,M3,P27,2010,11,35
1417,M3,P27,2010,12,36
1418,M3,P27,2011,1,37
1419,M3,P27,2011,2,38
1420,M3,P27,2011,3,39
1421,M3,P27,2011,4,40
1422,M3,P27,2011,5,41
1423,M3,P27,2011,6,42
1424,M3,P27,2011,7,43
1425,M3,P28,2010,1,25
1426,M3,P28,2010,2,26
1427,M3,P28,2010,3,27
1428,M3,P28,2010,4,28
1429,M3,P28,2010,5,29
1430,M3,P28,2010,6,30
1431,M3,P28,2010,7,31
1432,M3,P28,2010,8,32
1433,M3,P28,2010,9,33
1434,M3,P28,2010,10,34
1435,M3,P28,2010,11,35
1436,M3,P28,2010,12,36
1437,M3,P28,2011,1,37
1438,M3,P28,2011,2,38
1439,M3,P28,2011,3,39
1440,M3,P28,2011,4,40
1441,M3,P28,2011,5,41
1442,M3,P28,2011,6,42
1443,M3,P28,2011,7,43
1444,M3,P30,2010,1,25
1445,M3,P30,2010,2,26
1446,M3,P30,2010,3,27
1447,M3,P30,2010,4,28
1448,M3,P30,2010,5,29
1449,M3,P30,2010,6,30
1450,M3,P30,2010,7,31
1451,M3,P30,2010,8,32
1452,M3,P30,2010,9,33
1453,M3,P30,2010,10,34
1454,M3,P30,2010,11,35
1455,M3,P30,2010,12,36
1456,M3,P30,2011,1,37
1457,M3,P30,2011,2,38
1458,M3,P30,2011,3,39
1459,M3,P30,2011,4,40
1460,M3,P30,2011,5,41
1461,M3,P30,2011,6,42
1462,M3,P30,2011,7,43
1463,M3,P31,2010,1,25
1464,M3,P31,2010,2,26
1465,M3,P31,2010,3,27
1466,M3,P31,2010,4,28
1467,M3,P31,2010,5,29
1468,M3,P31,2010,6,30
1469,M3,P31,2010,7,31
1470,M3,P31,2010,8,32
1471,M3,P31,2010,9,33
1472,M3,P31,2010,10,34
1473,M3,P31,2010,11,35
1474,M3,P31,2010,12,36
1475,M3,P31,2011,1,37
1476,M3,P31,2011,2,38
1477,M3,P31,2011,3,39
1478,M3,P31,2011,4,40
1479,M3,P31,2011,5,41
1480,M3,P31,2011,6,42
1481,M3,P31,2011,7,43
1482,M4,P01,2010,1,25
1483,M4,P01,2010,2,26
1484,M4,P01,2010,3,27
1485,M4,P01,2010,4,28
1486,M4,P01,2010,5,29
1487,M4,P01,2010,6,30
1488,M4,P01,2010,7,31
1489,M4,P01,2010,8,32
1490,M4,P01,2010,9,33
1491,M4,P01,2010,10,34
1492,M4,P01,2010,11,35
1493,M4,P01,2010,12,36
1494,M4,P01,2011,1,37
1495,M4,P01,2011,2,38
1496,M4,P01,2011,3,39
1497,M4,P01,2011,4,40
1498,M4,P01,2011,5,41
1499,M4,P01,2011,6,42
1500,M4,P01,2011,7,43
1501,M4,P02,2010,1,25
1502,M4,P02,2010,2,26
1503,M4,P02,2010,3,27
1504,M4,P02,2010,4,28
1505,M4,P02,2010,5,29
1506,M4,P02,2010,6,30
1507,M4,P02,2010,7,31
1508,M4,P02,2010,8,32
1509,M4,P02,2010,9,33
1510,M4,P02,2010,10,34
1511,M4,P02,2010,11,35
1512,M4,P02,2010,12,36
1513,M4,P02,2011,1,37
1514,M4,P02,2011,2,38
1515,M4,P02,2011,3,39
1516,M4,P02,2011,4,40
1517,M4,P02,2011,5,41
1518,M4,P02,2011,6,42
1519,M4,P02,2011,7,43
1520,M4,P04,2010,1,25
1521,M4,P04,2010,2,26
1522,M4,P04,2010,3,27
1523,M4,P04,2010,4,28
1524,M4,P04,2010,5,29
1525,M4,P04,2010,6,30
1526,M4,P04,2010,7,31
1527,M4,P04,2010,8,32
1528,M4,P04,2010,9,33
1529,M4,P04,2010,10,34
1530,M4,P04,2010,11,35
1531,M4,P04,2010,12,36
1532,M4,P04,2011,1,37
1533,M4,P04,2011,2,38
1534,M4,P04,2011,3,39
1535,M4,P04,2011,4,40
1536,M4,P04,2011,5,41
1537,M4,P04,2011,6,42
1538,M4,P04,2011,7,43
1539,M4,P05,2010,1,25
1540,M4,P05,2010,2,26
1541,M4,P05,2010,3,27
1542,M4,P05,2010,4,28
1543,M4,P05,2010,5,29
1544,M4,P05,2010,6,30
1545,M4,P05,2010,7,31
1546,M4,P05,2010,8,32
1547,M4,P05,2010,9,33
1548,M4,P05,2010,10,34
1549,M4,P05,2010,11,35
1550,M4,P05,2010,12,36
1551,M4,P05,2011,1,37
1552,M4,P05,2011,2,38
1553,M4,P05,2011,3,39
1554,M4,P05,2011,4,40
1555,M4,P05,2011,5,41
1556,M4,P05,2011,6,42
1557,M4,P05,2011,7,43
1558,M4,P06,2010,1,25
1559,M4,P06,2010,2,26
1560,M4,P06,2010,3,27
1561,M4,P06,2010,4,28
1562,M4,P06,2010,5,29
1563,M4,P06,2010,6,30
1564,M4,P06,2010,7,31
1565,M4,P06,2010,8,32
1566,M4,P06,2010,9,33
1567,M4,P06,2010,10,34
1568,M4,P06,2010,11,35
1569,M4,P06,2010,12,36
1570,M4,P06,2011,1,37
1571,M4,P06,2011,2,38
1572,M4,P06,2011,3,39
1573,M4,P06,2011,4,40
1574,M4,P06,2011,5,41
1575,M4,P06,2011,6,42
1576,M4,P06,2011,7,43
1577,M4,P09,2010,1,25
1578,M4,P09,2010,2,26
1579,M4,P09,2010,3,27
1580,M4,P09,2010,4,28
1581,M4,P09,2010,5,29
1582,M4,P09,2010,6,30
1583,M4,P09,2010,7,31
1584,M4,P09,2010,8,32
1585,M4,P09,2010,9,33
1586,M4,P09,2010,10,34
1587,M4,P09,2010,11,35
1588,M4,P09,2010,12,36
1589,M4,P09,2011,1,37
1590,M4,P09,2011,2,38
1591,M4,P09,2011,3,39
1592,M4,P09,2011,4,40
1593,M4,P09,2011,5,41
1594,M4,P09,2011,6,42
1595,M4,P09,2011,7,43
1596,M4,P10,2010,1,25
1597,M4,P10,2010,2,26
1598,M4,P10,2010,3,27
1599,M4,P10,2010,4,28
1600,M4,P10,2010,5,29
1601,M4,P10,2010,6,30
1602,M4,P10,2010,7,31
1603,M4,P10,2010,8,32
1604,M4,P10,2010,9,33
1605,M4,P10,2010,10,34
1606,M4,P10,2010,11,35
1607,M4,P10,2010,12,36
1608,M4,P10,2011,1,37
1609,M4,P10,2011,2,38
1610,M4,P10,2011,3,39
1611,M4,P10,2011,4,40
1612,M4,P10,2011,5,41
1613,M4,P10,2011,6,42
1614,M4,P10,2011,7,43
1615,M4,P11,2010,1,25
1616,M4,P11,2010,2,26
1617,M4,P11,2010,3,27
1618,M4,P11,2010,4,28
1619,M4,P11,2010,5,29
1620,M4,P11,2010,6,30
1621,M4,P11,2010,7,31
1622,M4,P11,2010,8,32
1623,M4,P11,2010,9,33
1624,M4,P11,2010,10,34
1625,M4,P11,2010,11,35
1626,M4,P11,2010,12,36
1627,M4,P11,2011,1,37
1628,M4,P11,2011,2,38
1629,M4,P11,2011,3,39
1630,M4,P11,2011,4,40
1631,M4,P11,2011,5,41
1632,M4,P11,2011,6,42
1633,M4,P11,2011,7,43
1634,M4,P12,2010,1,25
1635,M4,P12,2010,2,26
1636,M4,P12,2010,3,27
1637,M4,P12,2010,4,28
1638,M4,P12,2010,5,29
1639,M4,P12,2010,6,30
1640,M4,P12,2010,7,31
1641,M4,P12,2010,8,32
1642,M4,P12,2010,9,33
1643,M4,P12,2010,10,34
1644,M4,P12,2010,11,35
1645,M4,P12,2010,12,36
1646,M4,P12,2011,1,37
1647,M4,P12,2011,2,38
1648,M4,P12,2011,3,39
1649,M4,P12,2011,4,40
1650,M4,P12,2011,5,41
1651,M4,P12,2011,6,42
1652,M4,P12,2011,7,43
1653,M4,P13,2010,1,25
1654,M4,P13,2010,2,26
1655,M4,P13,2010,3,27
1656,M4,P13,2010,4,28
1657,M4,P13,2010,5,29
1658,M4,P13,2010,6,30
1659,M4,P13,2010,7,31
1660,M4,P13,2010,8,32
1661,M4,P13,2010,9,33
1662,M4,P13,2010,10,34
1663,M4,P13,2010,11,35
1664,M4,P13,2010,12,36
1665,M4,P13,2011,1,37
1666,M4,P13,2011,2,38
1667,M4,P13,2011,3,39
1668,M4,P13,2011,4,40
1669,M4,P13,2011,5,41
1670,M4,P13,2011,6,42
1671,M4,P13,2011,7,43
1672,M4,P15,2010,1,25
1673,M4,P15,2010,2,26
1674,M4,P15,2010,3,27
1675,M4,P15,2010,4,28
1676,M4,P15,2010,5,29
1677,M4,P15,2010,6,30
1678,M4,P15,2010,7,31
1679,M4,P15,2010,8,32
1680,M4,P15,2010,9,33
1681,M4,P15,2010,10,34
1682,M4,P15,2010,11,35
1683,M4,P15,2010,12,36
1684,M4,P15,2011,1,37
1685,M4,P15,2011,2,38
1686,M4,P15,2011,3,39
1687,M4,P15,2011,4,40
1688,M4,P15,2011,5,41
1689,M4,P15,2011,6,42
1690,M4,P15,2011,7,43
1691,M4,P16,2010,1,25
1692,M4,P16,2010,2,26
1693,M4,P16,2010,3,27
1694,M4,P16,2010,4,28
1695,M4,P16,2010,5,29
1696,M4,P16,2010,6,30
1697,M4,P16,2010,7,31
1698,M4,P16,2010,8,32
1699,M4,P16,2010,9,33
1700,M4,P16,2010,10,34
1701,M4,P16,2010,11,35
1702,M4,P16,2010,12,36
1703,M4,P16,2011,1,37
1704,M4,P16,2011,2,38
1705,M4,P16,2011,3,39
1706,M4,P16,2011,4,40
1707,M4,P16,2011,5,41
1708,M4,P16,2011,6,42
1709,M4,P16,2011,7,43
1710,M4,P17,2010,1,25
1711,M4,P17,2010,2,26
1712,M4,P17,2010,3,27
1713,M4,P17,2010,4,28
1714,M4,P17,2010,5,29
1715,M4,P17,2010,6,30
1716,M4,P17,2010,7,31
1717,M4,P17,2010,8,32
1718,M4,P17,2010,9,33
1719,M4,P17,2010,10,34
1720,M4,P17,2010,11,35
1721,M4,P17,2010,12,36
1722,M4,P17,2011,1,37
1723,M4,P17,2011,2,38
1724,M4,P17,2011,3,39
1725,M4,P17,2011,4,40
1726,M4,P17,2011,5,41
1727,M4,P17,2011,6,42
1728,M4,P17,2011,7,43
1729,M4,P19,2010,1,25
1730,M4,P19,2010,2,26
1731,M4,P19,2010,3,27
1732,M4,P19,2010,4,28
1733,M4,P19,2010,5,29
1734,M4,P19,2010,6,30
1735,M4,P19,2010,7,31
1736,M4,P19,2010,8,32
1737,M4,P19,2010,9,33
1738,M4,P19,2010,10,34
1739,M4,P19,2010,11,35
1740,M4,P19,2010,12,36
1741,M4,P19,2011,1,37
1742,M4,P19,2011,2,38
1743,M4,P19,2011,3,39
1744,M4,P19,2011,4,40
1745,M4,P19,2011,5,41
1746,M4,P19,2011,6,42
1747,M4,P19,2011,7,43
1748,M4,P20,2010,1,25
1749,M4,P20,2010,2,26
1750,M4,P20,2010,3,27
1751,M4,P20,2010,4,28
1752,M4,P20,2010,5,29
1753,M4,P20,2010,6,30
1754,M4,P20,2010,7,31
1755,M4,P20,2010,8,32
1756,M4,P20,2010,9,33
1757,M4,P20,2010,10,34
1758,M4,P20,2010,11,35
1759,M4,P20,2010,12,36
1760,M4,P20,2011,1,37
1761,M4,P20,2011,2,38
1762,M4,P20,2011,3,39
1763,M4,P20,2011,4,40
1764,M4,P20,2011,5,41
1765,M4,P20,2011,6,42
1766,M4,P20,2011,7,43
1767,M4,P21,2010,1,25
1768,M4,P21,2010,2,26
1769,M4,P21,2010,3,27
1770,M4,P21,2010,4,28
1771,M4,P21,2010,5,29
1772,M4,P21,2010,6,30
1773,M4,P21,2010,7,31
1774,M4,P21,2010,8,32
1775,M4,P21,2010,9,33
1776,M4,P21,2010,10,34
1777,M4,P21,2010,11,35
1778,M4,P21,2010,12,36
1779,M4,P21,2011,1,37
1780,M4,P21,2011,2,38
1781,M4,P21,2011,3,39
1782,M4,P21,2011,4,40
1783,M4,P21,2011,5,41
1784,M4,P21,2011,6,42
1785,M4,P21,2011,7,43
1786,M4,P22,2010,1,25
1787,M4,P22,2010,2,26
1788,M4,P22,2010,3,27
1789,M4,P22,2010,4,28
1790,M4,P22,2010,5,29
1791,M4,P22,2010,6,30
1792,M4,P22,2010,7,31
1793,M4,P22,2010,8,32
1794,M4,P22,2010,9,33
1795,M4,P22,2010,10,34
1796,M4,P22,2010,11,35
1797,M4,P22,2010,12,36
1798,M4,P22,2011,1,37
1799,M4,P22,2011,2,38
1800,M4,P22,2011,3,39
1801,M4,P22,2011,4,40
1802,M4,P22,2011,5,41
1803,M4,P22,2011,6,42
1804,M4,P22,2011,7,43
1805,M4,P24,2010,1,25
1806,M4,P24,2010,2,26
1807,M4,P24,2010,3,27
1808,M4,P24,2010,4,28
1809,M4,P24,2010,5,29
1810,M4,P24,2010,6,30
1811,M4,P24,2010,7,31
1812,M4,P24,2010,8,32
1813,M4,P24,2010,9,33
1814,M4,P24,2010,10,34
1815,M4,P24,2010,11,35
1816,M4,P24,2010,12,36
1817,M4,P24,2011,1,37
1818,M4,P24,2011,2,38
1819,M4,P24,2011,3,39
1820,M4,P24,2011,4,40
1821,M4,P24,2011,5,41
1822,M4,P24,2011,6,42
1823,M4,P24,2011,7,43
1824,M4,P25,2010,1,25
1825,M4,P25,2010,2,26
1826,M4,P25,2010,3,27
1827,M4,P25,2010,4,28
1828,M4,P25,2010,5,29
1829,M4,P25,2010,6,30
1830,M4,P25,2010,7,31
1831,M4,P25,2010,8,32
1832,M4,P25,2010,9,33
1833,M4,P25,2010,10,34
1834,M4,P25,2010,11,35
1835,M4,P25,2010,12,36
1836,M4,P25,2011,1,37
1837,M4,P25,2011,2,38
1838,M4,P25,2011,3,39
1839,M4,P25,2011,4,40
1840,M4,P25,2011,5,41
1841,M4,P25,2011,6,42
1842,M4,P25,2011,7,43
1843,M4,P26,2010,1,25
1844,M4,P26,2010,2,26
1845,M4,P26,2010,3,27
1846,M4,P26,2010,4,28
1847,M4,P26,2010,5,29
1848,M4,P26,2010,6,30
1849,M4,P26,2010,7,31
1850,M4,P26,2010,8,32
1851,M4,P26,2010,9,33
1852,M4,P26,2010,10,34
1853,M4,P26,2010,11,35
1854,M4,P26,2010,12,36
1855,M4,P26,2011,1,37
1856,M4,P26,2011,2,38
1857,M4,P26,2011,3,39
1858,M4,P26,2011,4,40
1859,M4,P26,2011,5,41
1860,M4,P26,2011,6,42
1861,M4,P26,2011,7,43
1862,M4,P27,2010,1,25
1863,M4,P27,2010,2,26
1864,M4,P27,2010,3,27
1865,M4,P27,2010,4,28
1866,M4,P27,2010,5,29
1867,M4,P27,2010,6,30
1868,M4,P27,2010,7,31
1869,M4,P27,2010,8,32
1870,M4,P27,2010,9,33
1871,M4,P27,2010,10,34
1872,M4,P27,2010,11,35
1873,M4,P27,2010,12,36
1874,M4,P27,2011,1,37
1875,M4,P27,2011,2,38
1876,M4,P27,2011,3,39
1877,M4,P27,2011,4,40
1878,M4,P27,2011,5,41
1879,M4,P27,2011,6,42
1880,M4,P27,2011,7,43
1881,M4,P28,2010,1,25
1882,M4,P28,2010,2,26
1883,M4,P28,2010,3,27
1884,M4,P28,2010,4,28
1885,M4,P28,2010,5,29
1886,M4,P28,2010,6,30
1887,M4,P28,2010,7,31
1888,M4,P28,2010,8,32
1889,M4,P28,2010,9,33
1890,M4,P28,2010,10,34
1891,M4,P28,2010,11,35
1892,M4,P28,2010,12,36
1893,M4,P28,2011,1,37
1894,M4,P28,2011,2,38
1895,M4,P28,2011,3,39
1896,M4,P28,2011,4,40
1897,M4,P28,2011,5,41
1898,M4,P28,2011,6,42
1899,M4,P28,2011,7,43
1900,M4,P30,2010,1,25
1901,M4,P30,2010,2,26
1902,M4,P30,2010,3,27
1903,M4,P30,2010,4,28
1904,M4,P30,2010,5,29
1905,M4,P30,2010,6,30
1906,M4,P30,2010,7,31
1907,M4,P30,2010,8,32
1908,M4,P30,2010,9,33
1909,M4,P30,2010,10,34
1910,M4,P30,2010,11,35
1911,M4,P30,2010,12,36
1912,M4,P30,2011,1,37
1913,M4,P30,2011,2,38
1914,M4,P30,2011,3,39
1915,M4,P30,2011,4,40
1916,M4,P30,2011,5,41
1917,M4,P30,2011,6,42
1918,M4,P30,2011,7,43
1919,M4,P31,2010,1,25
1920,M4,P31,2010,2,26
1921,M4,P31,2010,3,27
1922,M4,P31,2010,4,28
1923,M4,P31,2010,5,29
1924,M4,P31,2010,6,30
1925,M4,P31,2010,7,31
1926,M4,P31,2010,8,32
1927,M4,P31,2010,9,33
1928,M4,P31,2010,10,34
1929,M4,P31,2010,11,35
1930,M4,P31,2010,12,36
1931,M4,P31,2011,1,37
1932,M4,P31,2011,2,38
1933,M4,P31,2011,3,39
1934,M4,P31,2011,4,40
1935,M4,P31,2011,5,41
1936,M4,P31,2011,6,42
1937,M4,P31,2011,7,43
1938,M5,P01,2010,1,25
1939,M5,P01,2010,2,26
1940,M5,P01,2010,3,27
1941,M5,P01,2010,4,28
1942,M5,P01,2010,5,29
1943,M5,P01,2010,6,30
1944,M5,P01,2010,7,31
1945,M5,P01,2010,8,32
1946,M5,P01,2010,9,33
1947,M5,P01,2010,10,34
1948,M5,P01,2010,11,35
1949,M5,P01,2010,12,36
1950,M5,P01,2011,1,37
1951,M5,P01,2011,2,38
1952,M5,P01,2011,3,39
1953,M5,P01,2011,4,40
1954,M5,P01,2011,5,41
1955,M5,P01,2011,6,42
1956,M5,P01,2011,7,43
1957,M5,P02,2010,1,25
1958,M5,P02,2010,2,26
1959,M5,P02,2010,3,27
1960,M5,P02,2010,4,28
1961,M5,P02,2010,5,29
1962,M5,P02,2010,6,30
1963,M5,P02,2010,7,31
1964,M5,P02,2010,8,32
1965,M5,P02,2010,9,33
1966,M5,P02,2010,10,34
1967,M5,P02,2010,11,35
1968,M5,P02,2010,12,36
1969,M5,P02,2011,1,37
1970,M5,P02,2011,2,38
1971,M5,P02,2011,3,39
1972,M5,P02,2011,4,40
1973,M5,P02,2011,5,41
1974,M5,P02,2011,6,42
1975,M5,P02,2011,7,43
1976,M5,P04,2010,1,25
1977,M5,P04,2010,2,26
1978,M5,P04,2010,3,27
1979,M5,P04,2010,4,28
1980,M5,P04,2010,5,29
1981,M5,P04,2010,6,30
1982,M5,P04,2010,7,31
1983,M5,P04,2010,8,32
1984,M5,P04,2010,9,33
1985,M5,P04,2010,10,34
1986,M5,P04,2010,11,35
1987,M5,P04,2010,12,36
1988,M5,P04,2011,1,37
1989,M5,P04,2011,2,38
1990,M5,P04,2011,3,39
1991,M5,P04,2011,4,40
1992,M5,P04,2011,5,41
1993,M5,P04,2011,6,42
1994,M5,P04,2011,7,43
1995,M5,P05,2010,1,25
1996,M5,P05,2010,2,26
1997,M5,P05,2010,3,27
1998,M5,P05,2010,4,28
1999,M5,P05,2010,5,29
2000,M5,P05,2010,6,30
2001,M5,P05,2010,7,31
2002,M5,P05,2010,8,32
2003,M5,P05,2010,9,33
2004,M5,P05,2010,10,34
2005,M5,P05,2010,11,35
2006,M5,P05,2010,12,36
2007,M5,P05,2011,1,37
2008,M5,P05,2011,2,38
2009,M5,P05,2011,3,39
2010,M5,P05,2011,4,40
2011,M5,P05,2011,5,41
2012,M5,P05,2011,6,42
2013,M5,P05,2011,7,43
2014,M5,P06,2010,1,25
2015,M5,P06,2010,2,26
2016,M5,P06,2010,3,27
2017,M5,P06,2010,4,28
2018,M5,P06,2010,5,29
2019,M5,P06,2010,6,30
2020,M5,P06,2010,7,31
2021,M5,P06,2010,8,32
2022,M5,P06,2010,9,33
2023,M5,P06,2010,10,34
2024,M5,P06,2010,11,35
2025,M5,P06,2010,12,36
2026,M5,P06,2011,1,37
2027,M5,P06,2011,2,38
2028,M5,P06,2011,3,39
2029,M5,P06,2011,4,40
2030,M5,P06,2011,5,41
2031,M5,P06,2011,6,42
2032,M5,P06,2011,7,43
2033,M5,P09,2010,1,25
2034,M5,P09,2010,2,26
2035,M5,P09,2010,3,27
2036,M5,P09,2010,4,28
2037,M5,P09,2010,5,29
2038,M5,P09,2010,6,30
2039,M5,P09,2010,7,31
2040,M5,P09,2010,8,32
2041,M5,P09,2010,9,33
2042,M5,P09,2010,10,34
2043,M5,P09,2010,11,35
2044,M5,P09,2010,12,36
2045,M5,P09,2011,1,37
2046,M5,P09,2011,2,38
2047,M5,P09,2011,3,39
2048,M5,P09,2011,4,40
2049,M5,P09,2011,5,41
2050,M5,P09,2011,6,42
2051,M5,P09,2011,7,43
2052,M5,P10,2010,1,25
2053,M5,P10,2010,2,26
2054,M5,P10,2010,3,27
2055,M5,P10,2010,4,28
2056,M5,P10,2010,5,29
2057,M5,P10,2010,6,30
2058,M5,P10,2010,7,31
2059,M5,P10,2010,8,32
2060,M5,P10,2010,9,33
2061,M5,P10,2010,10,34
2062,M5,P10,2010,11,35
2063,M5,P10,2010,12,36
2064,M5,P10,2011,1,37
2065,M5,P10,2011,2,38
2066,M5,P10,2011,3,39
2067,M5,P10,2011,4,40
2068,M5,P10,2011,5,41
2069,M5,P10,2011,6,42
2070,M5,P10,2011,7,43
2071,M5,P11,2010,1,25
2072,M5,P11,2010,2,26
2073,M5,P11,2010,3,27
2074,M5,P11,2010,4,28
2075,M5,P11,2010,5,29
2076,M5,P11,2010,6,30
2077,M5,P11,2010,7,31
2078,M5,P11,2010,8,32
2079,M5,P11,2010,9,33
2080,M5,P11,2010,10,34
2081,M5,P11,2010,11,35
2082,M5,P11,2010,12,36
2083,M5,P11,2011,1,37
2084,M5,P11,2011,2,38
2085,M5,P11,2011,3,39
2086,M5,P11,2011,4,40
2087,M5,P11,2011,5,41
2088,M5,P11,2011,6,42
2089,M5,P11,2011,7,43
2090,M5,P12,2010,1,25
2091,M5,P12,2010,2,26
2092,M5,P12,2010,3,27
2093,M5,P12,2010,4,28
2094,M5,P12,2010,5,29
2095,M5,P12,2010,6,30
2096,M5,P12,2010,7,31
2097,M5,P12,2010,8,32
2098,M5,P12,2010,9,33
2099,M5,P12,2010,10,34
2100,M5,P12,2010,11,35
2101,M5,P12,2010,12,36
2102,M5,P12,2011,1,37
2103,M5,P12,2011,2,38
2104,M5,P12,2011,3,39
2105,M5,P12,2011,4,40
2106,M5,P12,2011,5,41
2107,M5,P12,2011,6,42
2108,M5,P12,2011,7,43
2109,M5,P13,2010,1,25
2110,M5,P13,2010,2,26
2111,M5,P13,2010,3,27
2112,M5,P13,2010,4,28
2113,M5,P13,2010,5,29
2114,M5,P13,2010,6,30
2115,M5,P13,2010,7,31
2116,M5,P13,2010,8,32
2117,M5,P13,2010,9,33
2118,M5,P13,2010,10,34
2119,M5,P13,2010,11,35
2120,M5,P13,2010,12,36
2121,M5,P13,2011,1,37
2122,M5,P13,2011,2,38
2123,M5,P13,2011,3,39
2124,M5,P13,2011,4,40
2125,M5,P13,2011,5,41
2126,M5,P13,2011,6,42
2127,M5,P13,2011,7,43
2128,M5,P15,2010,1,25
2129,M5,P15,2010,2,26
2130,M5,P15,2010,3,27
2131,M5,P15,2010,4,28
2132,M5,P15,2010,5,29
2133,M5,P15,2010,6,30
2134,M5,P15,2010,7,31
2135,M5,P15,2010,8,32
2136,M5,P15,2010,9,33
2137,M5,P15,2010,10,34
2138,M5,P15,2010,11,35
2139,M5,P15,2010,12,36
2140,M5,P15,2011,1,37
2141,M5,P15,2011,2,38
2142,M5,P15,2011,3,39
2143,M5,P15,2011,4,40
2144,M5,P15,2011,5,41
2145,M5,P15,2011,6,42
2146,M5,P15,2011,7,43
2147,M5,P16,2010,1,25
2148,M5,P16,2010,2,26
2149,M5,P16,2010,3,27
2150,M5,P16,2010,4,28
2151,M5,P16,2010,5,29
2152,M5,P16,2010,6,30
2153,M5,P16,2010,7,31
2154,M5,P16,2010,8,32
2155,M5,P16,2010,9,33
2156,M5,P16,2010,10,34
2157,M5,P16,2010,11,35
2158,M5,P16,2010,12,36
2159,M5,P16,2011,1,37
2160,M5,P16,2011,2,38
2161,M5,P16,2011,3,39
2162,M5,P16,2011,4,40
2163,M5,P16,2011,5,41
2164,M5,P16,2011,6,42
2165,M5,P16,2011,7,43
2166,M5,P17,2010,1,25
2167,M5,P17,2010,2,26
2168,M5,P17,2010,3,27
2169,M5,P17,2010,4,28
2170,M5,P17,2010,5,29
2171,M5,P17,2010,6,30
2172,M5,P17,2010,7,31
2173,M5,P17,2010,8,32
2174,M5,P17,2010,9,33
2175,M5,P17,2010,10,34
2176,M5,P17,2010,11,35
2177,M5,P17,2010,12,36
2178,M5,P17,2011,1,37
2179,M5,P17,2011,2,38
2180,M5,P17,2011,3,39
2181,M5,P17,2011,4,40
2182,M5,P17,2011,5,41
2183,M5,P17,2011,6,42
2184,M5,P17,2011,7,43
2185,M5,P19,2010,1,25
2186,M5,P19,2010,2,26
2187,M5,P19,2010,3,27
2188,M5,P19,2010,4,28
2189,M5,P19,2010,5,29
2190,M5,P19,2010,6,30
2191,M5,P19,2010,7,31
2192,M5,P19,2010,8,32
2193,M5,P19,2010,9,33
2194,M5,P19,2010,10,34
2195,M5,P19,2010,11,35
2196,M5,P19,2010,12,36
2197,M5,P19,2011,1,37
2198,M5,P19,2011,2,38
2199,M5,P19,2011,3,39
2200,M5,P19,2011,4,40
2201,M5,P19,2011,5,41
2202,M5,P19,2011,6,42
2203,M5,P19,2011,7,43
2204,M5,P20,2010,1,25
2205,M5,P20,2010,2,26
2206,M5,P20,2010,3,27
2207,M5,P20,2010,4,28
2208,M5,P20,2010,5,29
2209,M5,P20,2010,6,30
2210,M5,P20,2010,7,31
2211,M5,P20,2010,8,32
2212,M5,P20,2010,9,33
2213,M5,P20,2010,10,34
2214,M5,P20,2010,11,35
2215,M5,P20,2010,12,36
2216,M5,P20,2011,1,37
2217,M5,P20,2011,2,38
2218,M5,P20,2011,3,39
2219,M5,P20,2011,4,40
2220,M5,P20,2011,5,41
2221,M5,P20,2011,6,42
2222,M5,P20,2011,7,43
2223,M5,P21,2010,1,25
2224,M5,P21,2010,2,26
2225,M5,P21,2010,3,27
2226,M5,P21,2010,4,28
2227,M5,P21,2010,5,29
2228,M5,P21,2010,6,30
2229,M5,P21,2010,7,31
2230,M5,P21,2010,8,32
2231,M5,P21,2010,9,33
2232,M5,P21,2010,10,34
2233,M5,P21,2010,11,35
2234,M5,P21,2010,12,36
2235,M5,P21,2011,1,37
2236,M5,P21,2011,2,38
2237,M5,P21,2011,3,39
2238,M5,P21,2011,4,40
2239,M5,P21,2011,5,41
2240,M5,P21,2011,6,42
2241,M5,P21,2011,7,43
2242,M5,P22,2010,1,25
2243,M5,P22,2010,2,26
2244,M5,P22,2010,3,27
2245,M5,P22,2010,4,28
2246,M5,P22,2010,5,29
2247,M5,P22,2010,6,30
2248,M5,P22,2010,7,31
2249,M5,P22,2010,8,32
2250,M5,P22,2010,9,33
2251,M5,P22,2010,10,34
2252,M5,P22,2010,11,35
2253,M5,P22,2010,12,36
2254,M5,P22,2011,1,37
2255,M5,P22,2011,2,38
2256,M5,P22,2011,3,39
2257,M5,P22,2011,4,40
2258,M5,P22,2011,5,41
2259,M5,P22,2011,6,42
2260,M5,P22,2011,7,43
2261,M5,P24,2010,1,25
2262,M5,P24,2010,2,26
2263,M5,P24,2010,3,27
2264,M5,P24,2010,4,28
2265,M5,P24,2010,5,29
2266,M5,P24,2010,6,30
2267,M5,P24,2010,7,31
2268,M5,P24,2010,8,32
2269,M5,P24,2010,9,33
2270,M5,P24,2010,10,34
2271,M5,P24,2010,11,35
2272,M5,P24,2010,12,36
2273,M5,P24,2011,1,37
2274,M5,P24,2011,2,38
2275,M5,P24,2011,3,39
2276,M5,P24,2011,4,40
2277,M5,P24,2011,5,41
2278,M5,P24,2011,6,42
2279,M5,P24,2011,7,43
2280,M5,P26,2010,1,25
2281,M5,P26,2010,2,26
2282,M5,P26,2010,3,27
2283,M5,P26,2010,4,28
2284,M5,P26,2010,5,29
2285,M5,P26,2010,6,30
2286,M5,P26,2010,7,31
2287,M5,P26,2010,8,32
2288,M5,P26,2010,9,33
2289,M5,P26,2010,10,34
2290,M5,P26,2010,11,35
2291,M5,P26,2010,12,36
2292,M5,P26,2011,1,37
2293,M5,P26,2011,2,38
2294,M5,P26,2011,3,39
2295,M5,P26,2011,4,40
2296,M5,P26,2011,5,41
2297,M5,P26,2011,6,42
2298,M5,P26,2011,7,43
2299,M5,P27,2010,1,25
2300,M5,P27,2010,2,26
2301,M5,P27,2010,3,27
2302,M5,P27,2010,4,28
2303,M5,P27,2010,5,29
2304,M5,P27,2010,6,30
2305,M5,P27,2010,7,31
2306,M5,P27,2010,8,32
2307,M5,P27,2010,9,33
2308,M5,P27,2010,10,34
2309,M5,P27,2010,11,35
2310,M5,P27,2010,12,36
2311,M5,P27,2011,1,37
2312,M5,P27,2011,2,38
2313,M5,P27,2011,3,39
2314,M5,P27,2011,4,40
2315,M5,P27,2011,5,41
2316,M5,P27,2011,6,42
2317,M5,P27,2011,7,43
2318,M5,P28,2010,1,25
2319,M5,P28,2010,2,26
2320,M5,P28,2010,3,27
2321,M5,P28,2010,4,28
2322,M5,P28,2010,5,29
2323,M5,P28,2010,6,30
2324,M5,P28,2010,7,31
2325,M5,P28,2010,8,32
2326,M5,P28,2010,9,33
2327,M5,P28,2010,10,34
2328,M5,P28,2010,11,35
2329,M5,P28,2010,12,36
2330,M5,P28,2011,1,37
2331,M5,P28,2011,2,38
2332,M5,P28,2011,3,39
2333,M5,P28,2011,4,40
2334,M5,P28,2011,5,41
2335,M5,P28,2011,6,42
2336,M5,P28,2011,7,43
2337,M5,P30,2010,1,25
2338,M5,P30,2010,2,26
2339,M5,P30,2010,3,27
2340,M5,P30,2010,4,28
2341,M5,P30,2010,5,29
2342,M5,P30,2010,6,30
2343,M5,P30,2010,7,31
2344,M5,P30,2010,8,32
2345,M5,P30,2010,9,33
2346,M5,P30,2010,10,34
2347,M5,P30,2010,11,35
2348,M5,P30,2010,12,36
2349,M5,P30,2011,1,37
2350,M5,P30,2011,2,38
2351,M5,P30,2011,3,39
2352,M5,P30,2011,4,40
2353,M5,P30,2011,5,41
2354,M5,P30,2011,6,42
2355,M5,P30,2011,7,43
2356,M5,P31,2010,1,25
2357,M5,P31,2010,2,26
2358,M5,P31,2010,3,27
2359,M5,P31,2010,4,28
2360,M5,P31,2010,5,29
2361,M5,P31,2010,6,30
2362,M5,P31,2010,7,31
2363,M5,P31,2010,8,32
2364,M5,P31,2010,9,33
2365,M5,P31,2010,10,34
2366,M5,P31,2010,11,35
2367,M5,P31,2010,12,36
2368,M5,P31,2011,1,37
2369,M5,P31,2011,2,38
2370,M5,P31,2011,3,39
2371,M5,P31,2011,4,40
2372,M5,P31,2011,5,41
2373,M5,P31,2011,6,42
2374,M5,P31,2011,7,43
2375,M6,P01,2010,1,25
2376,M6,P01,2010,2,26
2377,M6,P01,2010,3,27
2378,M6,P01,2010,4,28
2379,M6,P01,2010,5,29
2380,M6,P01,2010,6,30
2381,M6,P01,2010,7,31
2382,M6,P01,2010,8,32
2383,M6,P01,2010,9,33
2384,M6,P01,2010,10,34
2385,M6,P01,2010,11,35
2386,M6,P01,2010,12,36
2387,M6,P01,2011,1,37
2388,M6,P01,2011,2,38
2389,M6,P01,2011,3,39
2390,M6,P01,2011,4,40
2391,M6,P01,2011,5,41
2392,M6,P01,2011,6,42
2393,M6,P01,2011,7,43
2394,M6,P02,2010,1,25
2395,M6,P02,2010,2,26
2396,M6,P02,2010,3,27
2397,M6,P02,2010,4,28
2398,M6,P02,2010,5,29
2399,M6,P02,2010,6,30
2400,M6,P02,2010,7,31
2401,M6,P02,2010,8,32
2402,M6,P02,2010,9,33
2403,M6,P02,2010,10,34
2404,M6,P02,2010,11,35
2405,M6,P02,2010,12,36
2406,M6,P02,2011,1,37
2407,M6,P02,2011,2,38
2408,M6,P02,2011,3,39
2409,M6,P02,2011,4,40
2410,M6,P02,2011,5,41
2411,M6,P02,2011,6,42
2412,M6,P02,2011,7,43
2413,M6,P03,2010,1,25
2414,M6,P03,2010,2,26
2415,M6,P03,2010,3,27
2416,M6,P03,2010,4,28
2417,M6,P03,2010,5,29
2418,M6,P03,2010,6,30
2419,M6,P03,2010,7,31
2420,M6,P03,2010,8,32
2421,M6,P03,2010,9,33
2422,M6,P03,2010,10,34
2423,M6,P03,2010,11,35
2424,M6,P03,2010,12,36
2425,M6,P03,2011,1,37
2426,M6,P03,2011,2,38
2427,M6,P03,2011,3,39
2428,M6,P03,2011,4,40
2429,M6,P03,2011,5,41
2430,M6,P03,2011,6,42
2431,M6,P03,2011,7,43
2432,M6,P04,2010,1,25
2433,M6,P04,2010,2,26
2434,M6,P04,2010,3,27
2435,M6,P04,2010,4,28
2436,M6,P04,2010,5,29
2437,M6,P04,2010,6,30
2438,M6,P04,2010,7,31
2439,M6,P04,2010,8,32
2440,M6,P04,2010,9,33
2441,M6,P04,2010,10,34
2442,M6,P04,2010,11,35
2443,M6,P04,2010,12,36
2444,M6,P04,2011,1,37
2445,M6,P04,2011,2,38
2446,M6,P04,2011,3,39
2447,M6,P04,2011,4,40
2448,M6,P04,2011,5,41
2449,M6,P04,2011,6,42
2450,M6,P04,2011,7,43
2451,M6,P05,2010,1,25
2452,M6,P05,2010,2,26
2453,M6,P05,2010,3,27
2454,M6,P05,2010,4,28
2455,M6,P05,2010,5,29
2456,M6,P05,2010,6,30
2457,M6,P05,2010,7,31
2458,M6,P05,2010,8,32
2459,M6,P05,2010,9,33
2460,M6,P05,2010,10,34
2461,M6,P05,2010,11,35
2462,M6,P05,2010,12,36
2463,M6,P05,2011,1,37
2464,M6,P05,2011,2,38
2465,M6,P05,2011,3,39
2466,M6,P05,2011,4,40
2467,M6,P05,2011,5,41
2468,M6,P05,2011,6,42
2469,M6,P05,2011,7,43
2470,M6,P06,2010,1,25
2471,M6,P06,2010,2,26
2472,M6,P06,2010,3,27
2473,M6,P06,2010,4,28
2474,M6,P06,2010,5,29
2475,M6,P06,2010,6,30
2476,M6,P06,2010,7,31
2477,M6,P06,2010,8,32
2478,M6,P06,2010,9,33
2479,M6,P06,2010,10,34
2480,M6,P06,2010,11,35
2481,M6,P06,2010,12,36
2482,M6,P06,2011,1,37
2483,M6,P06,2011,2,38
2484,M6,P06,2011,3,39
2485,M6,P06,2011,4,40
2486,M6,P06,2011,5,41
2487,M6,P06,2011,6,42
2488,M6,P06,2011,7,43
2489,M6,P09,2010,1,25
2490,M6,P09,2010,2,26
2491,M6,P09,2010,3,27
2492,M6,P09,2010,4,28
2493,M6,P09,2010,5,29
2494,M6,P09,2010,6,30
2495,M6,P09,2010,7,31
2496,M6,P09,2010,8,32
2497,M6,P09,2010,9,33
2498,M6,P09,2010,10,34
2499,M6,P09,2010,11,35
2500,M6,P09,2010,12,36
2501,M6,P09,2011,1,37
2502,M6,P09,2011,2,38
2503,M6,P09,2011,3,39
2504,M6,P09,2011,4,40
2505,M6,P09,2011,5,41
2506,M6,P09,2011,6,42
2507,M6,P09,2011,7,43
2508,M6,P10,2010,1,25
2509,M6,P10,2010,2,26
2510,M6,P10,2010,3,27
2511,M6,P10,2010,4,28
2512,M6,P10,2010,5,29
2513,M6,P10,2010,6,30
2514,M6,P10,2010,7,31
2515,M6,P10,2010,8,32
2516,M6,P10,2010,9,33
2517,M6,P10,2010,10,34
2518,M6,P10,2010,11,35
2519,M6,P10,2010,12,36
2520,M6,P10,2011,1,37
2521,M6,P10,2011,2,38
2522,M6,P10,2011,3,39
2523,M6,P10,2011,4,40
2524,M6,P10,2011,5,41
2525,M6,P10,2011,6,42
2526,M6,P10,2011,7,43
2527,M6,P11,2010,1,25
2528,M6,P11,2010,2,26
2529,M6,P11,2010,3,27
2530,M6,P11,2010,4,28
2531,M6,P11,2010,5,29
2532,M6,P11,2010,6,30
2533,M6,P11,2010,7,31
2534,M6,P11,2010,8,32
2535,M6,P11,2010,9,33
2536,M6,P11,2010,10,34
2537,M6,P11,2010,11,35
2538,M6,P11,2010,12,36
2539,M6,P11,2011,1,37
2540,M6,P11,2011,2,38
2541,M6,P11,2011,3,39
2542,M6,P11,2011,4,40
2543,M6,P11,2011,5,41
2544,M6,P11,2011,6,42
2545,M6,P11,2011,7,43
2546,M6,P12,2010,1,25
2547,M6,P12,2010,2,26
2548,M6,P12,2010,3,27
2549,M6,P12,2010,4,28
2550,M6,P12,2010,5,29
2551,M6,P12,2010,6,30
2552,M6,P12,2010,7,31
2553,M6,P12,2010,8,32
2554,M6,P12,2010,9,33
2555,M6,P12,2010,10,34
2556,M6,P12,2010,11,35
2557,M6,P12,2010,12,36
2558,M6,P12,2011,1,37
2559,M6,P12,2011,2,38
2560,M6,P12,2011,3,39
2561,M6,P12,2011,4,40
2562,M6,P12,2011,5,41
2563,M6,P12,2011,6,42
2564,M6,P12,2011,7,43
2565,M6,P13,2010,1,25
2566,M6,P13,2010,2,26
2567,M6,P13,2010,3,27
2568,M6,P13,2010,4,28
2569,M6,P13,2010,5,29
2570,M6,P13,2010,6,30
2571,M6,P13,2010,7,31
2572,M6,P13,2010,8,32
2573,M6,P13,2010,9,33
2574,M6,P13,2010,10,34
2575,M6,P13,2010,11,35
2576,M6,P13,2010,12,36
2577,M6,P13,2011,1,37
2578,M6,P13,2011,2,38
2579,M6,P13,2011,3,39
2580,M6,P13,2011,4,40
2581,M6,P13,2011,5,41
2582,M6,P13,2011,6,42
2583,M6,P13,2011,7,43
2584,M6,P15,2010,1,25
2585,M6,P15,2010,2,26
2586,M6,P15,2010,3,27
2587,M6,P15,2010,4,28
2588,M6,P15,2010,5,29
2589,M6,P15,2010,6,30
2590,M6,P15,2010,7,31
2591,M6,P15,2010,8,32
2592,M6,P15,2010,9,33
2593,M6,P15,2010,10,34
2594,M6,P15,2010,11,35
2595,M6,P15,2010,12,36
2596,M6,P15,2011,1,37
2597,M6,P15,2011,2,38
2598,M6,P15,2011,3,39
2599,M6,P15,2011,4,40
2600,M6,P15,2011,5,41
2601,M6,P15,2011,6,42
2602,M6,P15,2011,7,43
2603,M6,P16,2010,1,25
2604,M6,P16,2010,2,26
2605,M6,P16,2010,3,27
2606,M6,P16,2010,4,28
2607,M6,P16,2010,5,29
2608,M6,P16,2010,6,30
2609,M6,P16,2010,7,31
2610,M6,P16,2010,8,32
2611,M6,P16,2010,9,33
2612,M6,P16,2010,10,34
2613,M6,P16,2010,11,35
2614,M6,P16,2010,12,36
2615,M6,P16,2011,1,37
2616,M6,P16,2011,2,38
2617,M6,P16,2011,3,39
2618,M6,P16,2011,4,40
2619,M6,P16,2011,5,41
2620,M6,P16,2011,6,42
2621,M6,P16,2011,7,43
2622,M6,P17,2010,1,25
2623,M6,P17,2010,2,26
2624,M6,P17,2010,3,27
2625,M6,P17,2010,4,28
2626,M6,P17,2010,5,29
2627,M6,P17,2010,6,30
2628,M6,P17,2010,7,31
2629,M6,P17,2010,8,32
2630,M6,P17,2010,9,33
2631,M6,P17,2010,10,34
2632,M6,P17,2010,11,35
2633,M6,P17,2010,12,36
2634,M6,P17,2011,1,37
2635,M6,P17,2011,2,38
2636,M6,P17,2011,3,39
2637,M6,P17,2011,4,40
2638,M6,P17,2011,5,41
2639,M6,P17,2011,6,42
2640,M6,P17,2011,7,43
2641,M6,P19,2010,1,25
2642,M6,P19,2010,2,26
2643,M6,P19,2010,3,27
2644,M6,P19,2010,4,28
2645,M6,P19,2010,5,29
2646,M6,P19,2010,6,30
2647,M6,P19,2010,7,31
2648,M6,P19,2010,8,32
2649,M6,P19,2010,9,33
2650,M6,P19,2010,10,34
2651,M6,P19,2010,11,35
2652,M6,P19,2010,12,36
2653,M6,P19,2011,1,37
2654,M6,P19,2011,2,38
2655,M6,P19,2011,3,39
2656,M6,P19,2011,4,40
2657,M6,P19,2011,5,41
2658,M6,P19,2011,6,42
2659,M6,P19,2011,7,43
2660,M6,P20,2010,1,25
2661,M6,P20,2010,2,26
2662,M6,P20,2010,3,27
2663,M6,P20,2010,4,28
2664,M6,P20,2010,5,29
2665,M6,P20,2010,6,30
2666,M6,P20,2010,7,31
2667,M6,P20,2010,8,32
2668,M6,P20,2010,9,33
2669,M6,P20,2010,10,34
2670,M6,P20,2010,11,35
2671,M6,P20,2010,12,36
2672,M6,P20,2011,1,37
2673,M6,P20,2011,2,38
2674,M6,P20,2011,3,39
2675,M6,P20,2011,4,40
2676,M6,P20,2011,5,41
2677,M6,P20,2011,6,42
2678,M6,P20,2011,7,43
2679,M6,P21,2010,1,25
2680,M6,P21,2010,2,26
2681,M6,P21,2010,3,27
2682,M6,P21,2010,4,28
2683,M6,P21,2010,5,29
2684,M6,P21,2010,6,30
2685,M6,P21,2010,7,31
2686,M6,P21,2010,8,32
2687,M6,P21,2010,9,33
2688,M6,P21,2010,10,34
2689,M6,P21,2010,11,35
2690,M6,P21,2010,12,36
2691,M6,P21,2011,1,37
2692,M6,P21,2011,2,38
2693,M6,P21,2011,3,39
2694,M6,P21,2011,4,40
2695,M6,P21,2011,5,41
2696,M6,P21,2011,6,42
2697,M6,P21,2011,7,43
2698,M6,P22,2010,1,25
2699,M6,P22,2010,2,26
2700,M6,P22,2010,3,27
2701,M6,P22,2010,4,28
2702,M6,P22,2010,5,29
2703,M6,P22,2010,6,30
2704,M6,P22,2010,7,31
2705,M6,P22,2010,8,32
2706,M6,P22,2010,9,33
2707,M6,P22,2010,10,34
2708,M6,P22,2010,11,35
2709,M6,P22,2010,12,36
2710,M6,P22,2011,1,37
2711,M6,P22,2011,2,38
2712,M6,P22,2011,3,39
2713,M6,P22,2011,4,40
2714,M6,P22,2011,5,41
2715,M6,P22,2011,6,42
2716,M6,P22,2011,7,43
2717,M6,P24,2010,1,25
2718,M6,P24,2010,2,26
2719,M6,P24,2010,3,27
2720,M6,P24,2010,4,28
2721,M6,P24,2010,5,29
2722,M6,P24,2010,6,30
2723,M6,P24,2010,7,31
2724,M6,P24,2010,8,32
2725,M6,P24,2010,9,33
2726,M6,P24,2010,10,34
2727,M6,P24,2010,11,35
2728,M6,P24,2010,12,36
2729,M6,P24,2011,1,37
2730,M6,P24,2011,2,38
2731,M6,P24,2011,3,39
2732,M6,P24,2011,4,40
2733,M6,P24,2011,5,41
2734,M6,P24,2011,6,42
2735,M6,P24,2011,7,43
2736,M6,P25,2010,1,25
2737,M6,P25,2010,2,26
2738,M6,P25,2010,3,27
2739,M6,P25,2010,4,28
2740,M6,P25,2010,5,29
2741,M6,P25,2010,6,30
2742,M6,P25,2010,7,31
2743,M6,P25,2010,8,32
2744,M6,P25,2010,9,33
2745,M6,P25,2010,10,34
2746,M6,P25,2010,11,35
2747,M6,P25,2010,12,36
2748,M6,P25,2011,1,37
2749,M6,P25,2011,2,38
2750,M6,P25,2011,3,39
2751,M6,P25,2011,4,40
2752,M6,P25,2011,5,41
2753,M6,P25,2011,6,42
2754,M6,P25,2011,7,43
2755,M6,P26,2010,1,25
2756,M6,P26,2010,2,26
2757,M6,P26,2010,3,27
2758,M6,P26,2010,4,28
2759,M6,P26,2010,5,29
2760,M6,P26,2010,6,30
2761,M6,P26,2010,7,31
2762,M6,P26,2010,8,32
2763,M6,P26,2010,9,33
2764,M6,P26,2010,10,34
2765,M6,P26,2010,11,35
2766,M6,P26,2010,12,36
2767,M6,P26,2011,1,37
2768,M6,P26,2011,2,38
2769,M6,P26,2011,3,39
2770,M6,P26,2011,4,40
2771,M6,P26,2011,5,41
2772,M6,P26,2011,6,42
2773,M6,P26,2011,7,43
2774,M6,P27,2010,1,25
2775,M6,P27,2010,2,26
2776,M6,P27,2010,3,27
2777,M6,P27,2010,4,28
2778,M6,P27,2010,5,29
2779,M6,P27,2010,6,30
2780,M6,P27,2010,7,31
2781,M6,P27,2010,8,32
2782,M6,P27,2010,9,33
2783,M6,P27,2010,10,34
2784,M6,P27,2010,11,35
2785,M6,P27,2010,12,36
2786,M6,P27,2011,1,37
2787,M6,P27,2011,2,38
2788,M6,P27,2011,3,39
2789,M6,P27,2011,4,40
2790,M6,P27,2011,5,41
2791,M6,P27,2011,6,42
2792,M6,P27,2011,7,43
2793,M6,P28,2010,1,25
2794,M6,P28,2010,2,26
2795,M6,P28,2010,3,27
2796,M6,P28,2010,4,28
2797,M6,P28,2010,5,29
2798,M6,P28,2010,6,30
2799,M6,P28,2010,7,31
2800,M6,P28,2010,8,32
2801,M6,P28,2010,9,33
2802,M6,P28,2010,10,34
2803,M6,P28,2010,11,35
2804,M6,P28,2010,12,36
2805,M6,P28,2011,1,37
2806,M6,P28,2011,2,38
2807,M6,P28,2011,3,39
2808,M6,P28,2011,4,40
2809,M6,P28,2011,5,41
2810,M6,P28,2011,6,42
2811,M6,P28,2011,7,43
2812,M6,P30,2010,1,25
2813,M6,P30,2010,2,26
2814,M6,P30,2010,3,27
2815,M6,P30,2010,4,28
2816,M6,P30,2010,5,29
2817,M6,P30,2010,6,30
2818,M6,P30,2010,7,31
2819,M6,P30,2010,8,32
2820,M6,P30,2010,9,33
2821,M6,P30,2010,10,34
2822,M6,P30,2010,11,35
2823,M6,P30,2010,12,36
2824,M6,P30,2011,1,37
2825,M6,P30,2011,2,38
2826,M6,P30,2011,3,39
2827,M6,P30,2011,4,40
2828,M6,P30,2011,5,41
2829,M6,P30,2011,6,42
2830,M6,P30,2011,7,43
2831,M6,P31,2010,1,25
2832,M6,P31,2010,2,26
2833,M6,P31,2010,3,27
2834,M6,P31,2010,4,28
2835,M6,P31,2010,5,29
2836,M6,P31,2010,6,30
2837,M6,P31,2010,7,31
2838,M6,P31,2010,8,32
2839,M6,P31,2010,9,33
2840,M6,P31,2010,10,34
2841,M6,P31,2010,11,35
2842,M6,P31,2010,12,36
2843,M6,P31,2011,1,37
2844,M6,P31,2011,2,38
2845,M6,P31,2011,3,39
2846,M6,P31,2011,4,40
2847,M6,P31,2011,5,41
2848,M6,P31,2011,6,42
2849,M6,P31,2011,7,43
2850,M7,P01,2010,1,25
2851,M7,P01,2010,2,26
2852,M7,P01,2010,3,27
2853,M7,P01,2010,4,28
2854,M7,P01,2010,5,29
2855,M7,P01,2010,6,30
2856,M7,P01,2010,7,31
2857,M7,P01,2010,8,32
2858,M7,P01,2010,9,33
2859,M7,P01,2010,10,34
2860,M7,P01,2010,11,35
2861,M7,P01,2010,12,36
2862,M7,P01,2011,1,37
2863,M7,P01,2011,2,38
2864,M7,P01,2011,3,39
2865,M7,P01,2011,4,40
2866,M7,P01,2011,5,41
2867,M7,P01,2011,6,42
2868,M7,P01,2011,7,43
2869,M7,P02,2010,1,25
2870,M7,P02,2010,2,26
2871,M7,P02,2010,3,27
2872,M7,P02,2010,4,28
2873,M7,P02,2010,5,29
2874,M7,P02,2010,6,30
2875,M7,P02,2010,7,31
2876,M7,P02,2010,8,32
2877,M7,P02,2010,9,33
2878,M7,P02,2010,10,34
2879,M7,P02,2010,11,35
2880,M7,P02,2010,12,36
2881,M7,P02,2011,1,37
2882,M7,P02,2011,2,38
2883,M7,P02,2011,3,39
2884,M7,P02,2011,4,40
2885,M7,P02,2011,5,41
2886,M7,P02,2011,6,42
2887,M7,P02,2011,7,43
2888,M7,P03,2010,1,25
2889,M7,P03,2010,2,26
2890,M7,P03,2010,3,27
2891,M7,P03,2010,4,28
2892,M7,P03,2010,5,29
2893,M7,P03,2010,6,30
2894,M7,P03,2010,7,31
2895,M7,P03,2010,8,32
2896,M7,P03,2010,9,33
2897,M7,P03,2010,10,34
2898,M7,P03,2010,11,35
2899,M7,P03,2010,12,36
2900,M7,P03,2011,1,37
2901,M7,P03,2011,2,38
2902,M7,P03,2011,3,39
2903,M7,P03,2011,4,40
2904,M7,P03,2011,5,41
2905,M7,P03,2011,6,42
2906,M7,P03,2011,7,43
2907,M7,P04,2010,1,25
2908,M7,P04,2010,2,26
2909,M7,P04,2010,3,27
2910,M7,P04,2010,4,28
2911,M7,P04,2010,5,29
2912,M7,P04,2010,6,30
2913,M7,P04,2010,7,31
2914,M7,P04,2010,8,32
2915,M7,P04,2010,9,33
2916,M7,P04,2010,10,34
2917,M7,P04,2010,11,35
2918,M7,P04,2010,12,36
2919,M7,P04,2011,1,37
2920,M7,P04,2011,2,38
2921,M7,P04,2011,3,39
2922,M7,P04,2011,4,40
2923,M7,P04,2011,5,41
2924,M7,P04,2011,6,42
2925,M7,P04,2011,7,43
2926,M7,P05,2010,1,25
2927,M7,P05,2010,2,26
2928,M7,P05,2010,3,27
2929,M7,P05,2010,4,28
2930,M7,P05,2010,5,29
2931,M7,P05,2010,6,30
2932,M7,P05,2010,7,31
2933,M7,P05,2010,8,32
2934,M7,P05,2010,9,33
2935,M7,P05,2010,10,34
2936,M7,P05,2010,11,35
2937,M7,P05,2010,12,36
2938,M7,P05,2011,1,37
2939,M7,P05,2011,2,38
2940,M7,P05,2011,3,39
2941,M7,P05,2011,4,40
2942,M7,P05,2011,5,41
2943,M7,P05,2011,6,42
2944,M7,P05,2011,7,43
2945,M7,P06,2010,1,25
2946,M7,P06,2010,2,26
2947,M7,P06,2010,3,27
2948,M7,P06,2010,4,28
2949,M7,P06,2010,5,29
2950,M7,P06,2010,6,30
2951,M7,P06,2010,7,31
2952,M7,P06,2010,8,32
2953,M7,P06,2010,9,33
2954,M7,P06,2010,10,34
2955,M7,P06,2010,11,35
2956,M7,P06,2010,12,36
2957,M7,P06,2011,1,37
2958,M7,P06,2011,2,38
2959,M7,P06,2011,3,39
2960,M7,P06,2011,4,40
2961,M7,P06,2011,5,41
2962,M7,P06,2011,6,42
2963,M7,P06,2011,7,43
2964,M7,P09,2010,1,25
2965,M7,P09,2010,2,26
2966,M7,P09,2010,3,27
2967,M7,P09,2010,4,28
2968,M7,P09,2010,5,29
2969,M7,P09,2010,6,30
2970,M7,P09,2010,7,31
2971,M7,P09,2010,8,32
2972,M7,P09,2010,9,33
2973,M7,P09,2010,10,34
2974,M7,P09,2010,11,35
2975,M7,P09,2010,12,36
2976,M7,P09,2011,1,37
2977,M7,P09,2011,2,38
2978,M7,P09,2011,3,39
2979,M7,P09,2011,4,40
2980,M7,P09,2011,5,41
2981,M7,P09,2011,6,42
2982,M7,P09,2011,7,43
2983,M7,P10,2010,1,25
2984,M7,P10,2010,2,26
2985,M7,P10,2010,3,27
2986,M7,P10,2010,4,28
2987,M7,P10,2010,5,29
2988,M7,P10,2010,6,30
2989,M7,P10,2010,7,31
2990,M7,P10,2010,8,32
2991,M7,P10,2010,9,33
2992,M7,P10,2010,10,34
2993,M7,P10,2010,11,35
2994,M7,P10,2010,12,36
2995,M7,P10,2011,1,37
2996,M7,P10,2011,2,38
2997,M7,P10,2011,3,39
2998,M7,P10,2011,4,40
2999,M7,P10,2011,5,41
3000,M7,P10,2011,6,42
3001,M7,P10,2011,7,43
3002,M7,P11,2010,1,25
3003,M7,P11,2010,2,26
3004,M7,P11,2010,3,27
3005,M7,P11,2010,4,28
3006,M7,P11,2010,5,29
3007,M7,P11,2010,6,30
3008,M7,P11,2010,7,31
3009,M7,P11,2010,8,32
3010,M7,P11,2010,9,33
3011,M7,P11,2010,10,34
3012,M7,P11,2010,11,35
3013,M7,P11,2010,12,36
3014,M7,P11,2011,1,37
3015,M7,P11,2011,2,38
3016,M7,P11,2011,3,39
3017,M7,P11,2011,4,40
3018,M7,P11,2011,5,41
3019,M7,P11,2011,6,42
3020,M7,P11,2011,7,43
3021,M7,P12,2010,1,25
3022,M7,P12,2010,2,26
3023,M7,P12,2010,3,27
3024,M7,P12,2010,4,28
3025,M7,P12,2010,5,29
3026,M7,P12,2010,6,30
3027,M7,P12,2010,7,31
3028,M7,P12,2010,8,32
3029,M7,P12,2010,9,33
3030,M7,P12,2010,10,34
3031,M7,P12,2010,11,35
3032,M7,P12,2010,12,36
3033,M7,P12,2011,1,37
3034,M7,P12,2011,2,38
3035,M7,P12,2011,3,39
3036,M7,P12,2011,4,40
3037,M7,P12,2011,5,41
3038,M7,P12,2011,6,42
3039,M7,P12,2011,7,43
3040,M7,P13,2010,1,25
3041,M7,P13,2010,2,26
3042,M7,P13,2010,3,27
3043,M7,P13,2010,4,28
3044,M7,P13,2010,5,29
3045,M7,P13,2010,6,30
3046,M7,P13,2010,7,31
3047,M7,P13,2010,8,32
3048,M7,P13,2010,9,33
3049,M7,P13,2010,10,34
3050,M7,P13,2010,11,35
3051,M7,P13,2010,12,36
3052,M7,P13,2011,1,37
3053,M7,P13,2011,2,38
3054,M7,P13,2011,3,39
3055,M7,P13,2011,4,40
3056,M7,P13,2011,5,41
3057,M7,P13,2011,6,42
3058,M7,P13,2011,7,43
3059,M7,P15,2010,1,25
3060,M7,P15,2010,2,26
3061,M7,P15,2010,3,27
3062,M7,P15,2010,4,28
3063,M7,P15,2010,5,29
3064,M7,P15,2010,6,30
3065,M7,P15,2010,7,31
3066,M7,P15,2010,8,32
3067,M7,P15,2010,9,33
3068,M7,P15,2010,10,34
3069,M7,P15,2010,11,35
3070,M7,P15,2010,12,36
3071,M7,P15,2011,1,37
3072,M7,P15,2011,2,38
3073,M7,P15,2011,3,39
3074,M7,P15,2011,4,40
3075,M7,P15,2011,5,41
3076,M7,P15,2011,6,42
3077,M7,P15,2011,7,43
3078,M7,P16,2010,1,25
3079,M7,P16,2010,2,26
3080,M7,P16,2010,3,27
3081,M7,P16,2010,4,28
3082,M7,P16,2010,5,29
3083,M7,P16,2010,6,30
3084,M7,P16,2010,7,31
3085,M7,P16,2010,8,32
3086,M7,P16,2010,9,33
3087,M7,P16,2010,10,34
3088,M7,P16,2010,11,35
3089,M7,P16,2010,12,36
3090,M7,P16,2011,1,37
3091,M7,P16,2011,2,38
3092,M7,P16,2011,3,39
3093,M7,P16,2011,4,40
3094,M7,P16,2011,5,41
3095,M7,P16,2011,6,42
3096,M7,P16,2011,7,43
3097,M7,P17,2010,1,25
3098,M7,P17,2010,2,26
3099,M7,P17,2010,3,27
3100,M7,P17,2010,4,28
3101,M7,P17,2010,5,29
3102,M7,P17,2010,6,30
3103,M7,P17,2010,7,31
3104,M7,P17,2010,8,32
3105,M7,P17,2010,9,33
3106,M7,P17,2010,10,34
3107,M7,P17,2010,11,35
3108,M7,P17,2010,12,36
3109,M7,P17,2011,1,37
3110,M7,P17,2011,2,38
3111,M7,P17,2011,3,39
3112,M7,P17,2011,4,40
3113,M7,P17,2011,5,41
3114,M7,P17,2011,6,42
3115,M7,P17,2011,7,43
3116,M7,P19,2010,1,25
3117,M7,P19,2010,2,26
3118,M7,P19,2010,3,27
3119,M7,P19,2010,4,28
3120,M7,P19,2010,5,29
3121,M7,P19,2010,6,30
3122,M7,P19,2010,7,31
3123,M7,P19,2010,8,32
3124,M7,P19,2010,9,33
3125,M7,P19,2010,10,34
3126,M7,P19,2010,11,35
3127,M7,P19,2010,12,36
3128,M7,P19,2011,1,37
3129,M7,P19,2011,2,38
3130,M7,P19,2011,3,39
3131,M7,P19,2011,4,40
3132,M7,P19,2011,5,41
3133,M7,P19,2011,6,42
3134,M7,P19,2011,7,43
3135,M7,P20,2010,1,25
3136,M7,P20,2010,2,26
3137,M7,P20,2010,3,27
3138,M7,P20,2010,4,28
3139,M7,P20,2010,5,29
3140,M7,P20,2010,6,30
3141,M7,P20,2010,7,31
3142,M7,P20,2010,8,32
3143,M7,P20,2010,9,33
3144,M7,P20,2010,10,34
3145,M7,P20,2010,11,35
3146,M7,P20,2010,12,36
3147,M7,P20,2011,1,37
3148,M7,P20,2011,2,38
3149,M7,P20,2011,3,39
3150,M7,P20,2011,4,40
3151,M7,P20,2011,5,41
3152,M7,P20,2011,6,42
3153,M7,P20,2011,7,43
3154,M7,P21,2010,1,25
3155,M7,P21,2010,2,26
3156,M7,P21,2010,3,27
3157,M7,P21,2010,4,28
3158,M7,P21,2010,5,29
3159,M7,P21,2010,6,30
3160,M7,P21,2010,7,31
3161,M7,P21,2010,8,32
3162,M7,P21,2010,9,33
3163,M7,P21,2010,10,34
3164,M7,P21,2010,11,35
3165,M7,P21,2010,12,36
3166,M7,P21,2011,1,37
3167,M7,P21,2011,2,38
3168,M7,P21,2011,3,39
3169,M7,P21,2011,4,40
3170,M7,P21,2011,5,41
3171,M7,P21,2011,6,42
3172,M7,P21,2011,7,43
3173,M7,P22,2010,1,25
3174,M7,P22,2010,2,26
3175,M7,P22,2010,3,27
3176,M7,P22,2010,4,28
3177,M7,P22,2010,5,29
3178,M7,P22,2010,6,30
3179,M7,P22,2010,7,31
3180,M7,P22,2010,8,32
3181,M7,P22,2010,9,33
3182,M7,P22,2010,10,34
3183,M7,P22,2010,11,35
3184,M7,P22,2010,12,36
3185,M7,P22,2011,1,37
3186,M7,P22,2011,2,38
3187,M7,P22,2011,3,39
3188,M7,P22,2011,4,40
3189,M7,P22,2011,5,41
3190,M7,P22,2011,6,42
3191,M7,P22,2011,7,43
3192,M7,P24,2010,1,25
3193,M7,P24,2010,2,26
3194,M7,P24,2010,3,27
3195,M7,P24,2010,4,28
3196,M7,P24,2010,5,29
3197,M7,P24,2010,6,30
3198,M7,P24,2010,7,31
3199,M7,P24,2010,8,32
3200,M7,P24,2010,9,33
3201,M7,P24,2010,10,34
3202,M7,P24,2010,11,35
3203,M7,P24,2010,12,36
3204,M7,P24,2011,1,37
3205,M7,P24,2011,2,38
3206,M7,P24,2011,3,39
3207,M7,P24,2011,4,40
3208,M7,P24,2011,5,41
3209,M7,P24,2011,6,42
3210,M7,P24,2011,7,43
3211,M7,P25,2010,1,25
3212,M7,P25,2010,2,26
3213,M7,P25,2010,3,27
3214,M7,P25,2010,4,28
3215,M7,P25,2010,5,29
3216,M7,P25,2010,6,30
3217,M7,P25,2010,7,31
3218,M7,P25,2010,8,32
3219,M7,P25,2010,9,33
3220,M7,P25,2010,10,34
3221,M7,P25,2010,11,35
3222,M7,P25,2010,12,36
3223,M7,P25,2011,1,37
3224,M7,P25,2011,2,38
3225,M7,P25,2011,3,39
3226,M7,P25,2011,4,40
3227,M7,P25,2011,5,41
3228,M7,P25,2011,6,42
3229,M7,P25,2011,7,43
3230,M7,P26,2010,1,25
3231,M7,P26,2010,2,26
3232,M7,P26,2010,3,27
3233,M7,P26,2010,4,28
3234,M7,P26,2010,5,29
3235,M7,P26,2010,6,30
3236,M7,P26,2010,7,31
3237,M7,P26,2010,8,32
3238,M7,P26,2010,9,33
3239,M7,P26,2010,10,34
3240,M7,P26,2010,11,35
3241,M7,P26,2010,12,36
3242,M7,P26,2011,1,37
3243,M7,P26,2011,2,38
3244,M7,P26,2011,3,39
3245,M7,P26,2011,4,40
3246,M7,P26,2011,5,41
3247,M7,P26,2011,6,42
3248,M7,P26,2011,7,43
3249,M7,P27,2010,1,25
3250,M7,P27,2010,2,26
3251,M7,P27,2010,3,27
3252,M7,P27,2010,4,28
3253,M7,P27,2010,5,29
3254,M7,P27,2010,6,30
3255,M7,P27,2010,7,31
3256,M7,P27,2010,8,32
3257,M7,P27,2010,9,33
3258,M7,P27,2010,10,34
3259,M7,P27,2010,11,35
3260,M7,P27,2010,12,36
3261,M7,P27,2011,1,37
3262,M7,P27,2011,2,38
3263,M7,P27,2011,3,39
3264,M7,P27,2011,4,40
3265,M7,P27,2011,5,41
3266,M7,P27,2011,6,42
3267,M7,P27,2011,7,43
3268,M7,P28,2010,1,25
3269,M7,P28,2010,2,26
3270,M7,P28,2010,3,27
3271,M7,P28,2010,4,28
3272,M7,P28,2010,5,29
3273,M7,P28,2010,6,30
3274,M7,P28,2010,7,31
3275,M7,P28,2010,8,32
3276,M7,P28,2010,9,33
3277,M7,P28,2010,10,34
3278,M7,P28,2010,11,35
3279,M7,P28,2010,12,36
3280,M7,P28,2011,1,37
3281,M7,P28,2011,2,38
3282,M7,P28,2011,3,39
3283,M7,P28,2011,4,40
3284,M7,P28,2011,5,41
3285,M7,P28,2011,6,42
3286,M7,P28,2011,7,43
3287,M7,P30,2010,1,25
3288,M7,P30,2010,2,26
3289,M7,P30,2010,3,27
3290,M7,P30,2010,4,28
3291,M7,P30,2010,5,29
3292,M7,P30,2010,6,30
3293,M7,P30,2010,7,31
3294,M7,P30,2010,8,32
3295,M7,P30,2010,9,33
3296,M7,P30,2010,10,34
3297,M7,P30,2010,11,35
3298,M7,P30,2010,12,36
3299,M7,P30,2011,1,37
3300,M7,P30,2011,2,38
3301,M7,P30,2011,3,39
3302,M7,P30,2011,4,40
3303,M7,P30,2011,5,41
3304,M7,P30,2011,6,42
3305,M7,P30,2011,7,43
3306,M7,P31,2010,1,25
3307,M7,P31,2010,2,26
3308,M7,P31,2010,3,27
3309,M7,P31,2010,4,28
3310,M7,P31,2010,5,29
3311,M7,P31,2010,6,30
3312,M7,P31,2010,7,31
3313,M7,P31,2010,8,32
3314,M7,P31,2010,9,33
3315,M7,P31,2010,10,34
3316,M7,P31,2010,11,35
3317,M7,P31,2010,12,36
3318,M7,P31,2011,1,37
3319,M7,P31,2011,2,38
3320,M7,P31,2011,3,39
3321,M7,P31,2011,4,40
3322,M7,P31,2011,5,41
3323,M7,P31,2011,6,42
3324,M7,P31,2011,7,43
3325,M8,P01,2010,1,25
3326,M8,P01,2010,2,26
3327,M8,P01,2010,3,27
3328,M8,P01,2010,4,28
3329,M8,P01,2010,5,29
3330,M8,P01,2010,6,30
3331,M8,P01,2010,7,31
3332,M8,P01,2010,8,32
3333,M8,P01,2010,9,33
3334,M8,P01,2010,10,34
3335,M8,P01,2010,11,35
3336,M8,P01,2010,12,36
3337,M8,P01,2011,1,37
3338,M8,P01,2011,2,38
3339,M8,P01,2011,3,39
3340,M8,P01,2011,4,40
3341,M8,P01,2011,5,41
3342,M8,P01,2011,6,42
3343,M8,P01,2011,7,43
3344,M8,P02,2010,1,25
3345,M8,P02,2010,2,26
3346,M8,P02,2010,3,27
3347,M8,P02,2010,4,28
3348,M8,P02,2010,5,29
3349,M8,P02,2010,6,30
3350,M8,P02,2010,7,31
3351,M8,P02,2010,8,32
3352,M8,P02,2010,9,33
3353,M8,P02,2010,10,34
3354,M8,P02,2010,11,35
3355,M8,P02,2010,12,36
3356,M8,P02,2011,1,37
3357,M8,P02,2011,2,38
3358,M8,P02,2011,3,39
3359,M8,P02,2011,4,40
3360,M8,P02,2011,5,41
3361,M8,P02,2011,6,42
3362,M8,P02,2011,7,43
3363,M8,P04,2010,1,25
3364,M8,P04,2010,2,26
3365,M8,P04,2010,3,27
3366,M8,P04,2010,4,28
3367,M8,P04,2010,5,29
3368,M8,P04,2010,6,30
3369,M8,P04,2010,7,31
3370,M8,P04,2010,8,32
3371,M8,P04,2010,9,33
3372,M8,P04,2010,10,34
3373,M8,P04,2010,11,35
3374,M8,P04,2010,12,36
3375,M8,P04,2011,1,37
3376,M8,P04,2011,2,38
3377,M8,P04,2011,3,39
3378,M8,P04,2011,4,40
3379,M8,P04,2011,5,41
3380,M8,P04,2011,6,42
3381,M8,P04,2011,7,43
3382,M8,P05,2010,1,25
3383,M8,P05,2010,2,26
3384,M8,P05,2010,3,27
3385,M8,P05,2010,4,28
3386,M8,P05,2010,5,29
3387,M8,P05,2010,6,30
3388,M8,P05,2010,7,31
3389,M8,P05,2010,8,32
3390,M8,P05,2010,9,33
3391,M8,P05,2010,10,34
3392,M8,P05,2010,11,35
3393,M8,P05,2010,12,36
3394,M8,P05,2011,1,37
3395,M8,P05,2011,2,38
3396,M8,P05,2011,3,39
3397,M8,P05,2011,4,40
3398,M8,P05,2011,5,41
3399,M8,P05,2011,6,42
3400,M8,P05,2011,7,43
3401,M8,P06,2010,1,25
3402,M8,P06,2010,2,26
3403,M8,P06,2010,3,27
3404,M8,P06,2010,4,28
3405,M8,P06,2010,5,29
3406,M8,P06,2010,6,30
3407,M8,P06,2010,7,31
3408,M8,P06,2010,8,32
3409,M8,P06,2010,9,33
3410,M8,P06,2010,10,34
3411,M8,P06,2010,11,35
3412,M8,P06,2010,12,36
3413,M8,P06,2011,1,37
3414,M8,P06,2011,2,38
3415,M8,P06,2011,3,39
3416,M8,P06,2011,4,40
3417,M8,P06,2011,5,41
3418,M8,P06,2011,6,42
3419,M8,P06,2011,7,43
3420,M8,P09,2010,1,25
3421,M8,P09,2010,2,26
3422,M8,P09,2010,3,27
3423,M8,P09,2010,4,28
3424,M8,P09,2010,5,29
3425,M8,P09,2010,6,30
3426,M8,P09,2010,7,31
3427,M8,P09,2010,8,32
3428,M8,P09,2010,9,33
3429,M8,P09,2010,10,34
3430,M8,P09,2010,11,35
3431,M8,P09,2010,12,36
3432,M8,P09,2011,1,37
3433,M8,P09,2011,2,38
3434,M8,P09,2011,3,39
3435,M8,P09,2011,4,40
3436,M8,P09,2011,5,41
3437,M8,P09,2011,6,42
3438,M8,P09,2011,7,43
3439,M8,P10,2010,1,25
3440,M8,P10,2010,2,26
3441,M8,P10,2010,3,27
3442,M8,P10,2010,4,28
3443,M8,P10,2010,5,29
3444,M8,P10,2010,6,30
3445,M8,P10,2010,7,31
3446,M8,P10,2010,8,32
3447,M8,P10,2010,9,33
3448,M8,P10,2010,10,34
3449,M8,P10,2010,11,35
3450,M8,P10,2010,12,36
3451,M8,P10,2011,1,37
3452,M8,P10,2011,2,38
3453,M8,P10,2011,3,39
3454,M8,P10,2011,4,40
3455,M8,P10,2011,5,41
3456,M8,P10,2011,6,42
3457,M8,P10,2011,7,43
3458,M8,P11,2010,1,25
3459,M8,P11,2010,2,26
3460,M8,P11,2010,3,27
3461,M8,P11,2010,4,28
3462,M8,P11,2010,5,29
3463,M8,P11,2010,6,30
3464,M8,P11,2010,7,31
3465,M8,P11,2010,8,32
3466,M8,P11,2010,9,33
3467,M8,P11,2010,10,34
3468,M8,P11,2010,11,35
3469,M8,P11,2010,12,36
3470,M8,P11,2011,1,37
3471,M8,P11,2011,2,38
3472,M8,P11,2011,3,39
3473,M8,P11,2011,4,40
3474,M8,P11,2011,5,41
3475,M8,P11,2011,6,42
3476,M8,P11,2011,7,43
3477,M8,P12,2010,1,25
3478,M8,P12,2010,2,26
3479,M8,P12,2010,3,27
3480,M8,P12,2010,4,28
3481,M8,P12,2010,5,29
3482,M8,P12,2010,6,30
3483,M8,P12,2010,7,31
3484,M8,P12,2010,8,32
3485,M8,P12,2010,9,33
3486,M8,P12,2010,10,34
3487,M8,P12,2010,11,35
3488,M8,P12,2010,12,36
3489,M8,P12,2011,1,37
3490,M8,P12,2011,2,38
3491,M8,P12,2011,3,39
3492,M8,P12,2011,4,40
3493,M8,P12,2011,5,41
3494,M8,P12,2011,6,42
3495,M8,P12,2011,7,43
3496,M8,P13,2010,1,25
3497,M8,P13,2010,2,26
3498,M8,P13,2010,3,27
3499,M8,P13,2010,4,28
3500,M8,P13,2010,5,29
3501,M8,P13,2010,6,30
3502,M8,P13,2010,7,31
3503,M8,P13,2010,8,32
3504,M8,P13,2010,9,33
3505,M8,P13,2010,10,34
3506,M8,P13,2010,11,35
3507,M8,P13,2010,12,36
3508,M8,P13,2011,1,37
3509,M8,P13,2011,2,38
3510,M8,P13,2011,3,39
3511,M8,P13,2011,4,40
3512,M8,P13,2011,5,41
3513,M8,P13,2011,6,42
3514,M8,P13,2011,7,43
3515,M8,P15,2010,1,25
3516,M8,P15,2010,2,26
3517,M8,P15,2010,3,27
3518,M8,P15,2010,4,28
3519,M8,P15,2010,5,29
3520,M8,P15,2010,6,30
3521,M8,P15,2010,7,31
3522,M8,P15,2010,8,32
3523,M8,P15,2010,9,33
3524,M8,P15,2010,10,34
3525,M8,P15,2010,11,35
3526,M8,P15,2010,12,36
3527,M8,P15,2011,1,37
3528,M8,P15,2011,2,38
3529,M8,P15,2011,3,39
3530,M8,P15,2011,4,40
3531,M8,P15,2011,5,41
3532,M8,P15,2011,6,42
3533,M8,P15,2011,7,43
3534,M8,P16,2010,1,25
3535,M8,P16,2010,2,26
3536,M8,P16,2010,3,27
3537,M8,P16,2010,4,28
3538,M8,P16,2010,5,29
3539,M8,P16,2010,6,30
3540,M8,P16,2010,7,31
3541,M8,P16,2010,8,32
3542,M8,P16,2010,9,33
3543,M8,P16,2010,10,34
3544,M8,P16,2010,11,35
3545,M8,P16,2010,12,36
3546,M8,P16,2011,1,37
3547,M8,P16,2011,2,38
3548,M8,P16,2011,3,39
3549,M8,P16,2011,4,40
3550,M8,P16,2011,5,41
3551,M8,P16,2011,6,42
3552,M8,P16,2011,7,43
3553,M8,P17,2010,1,25
3554,M8,P17,2010,2,26
3555,M8,P17,2010,3,27
3556,M8,P17,2010,4,28
3557,M8,P17,2010,5,29
3558,M8,P17,2010,6,30
3559,M8,P17,2010,7,31
3560,M8,P17,2010,8,32
3561,M8,P17,2010,9,33
3562,M8,P17,2010,10,34
3563,M8,P17,2010,11,35
3564,M8,P17,2010,12,36
3565,M8,P17,2011,1,37
3566,M8,P17,2011,2,38
3567,M8,P17,2011,3,39
3568,M8,P17,2011,4,40
3569,M8,P17,2011,5,41
3570,M8,P17,2011,6,42
3571,M8,P17,2011,7,43
3572,M8,P19,2010,1,25
3573,M8,P19,2010,2,26
3574,M8,P19,2010,3,27
3575,M8,P19,2010,4,28
3576,M8,P19,2010,5,29
3577,M8,P19,2010,6,30
3578,M8,P19,2010,7,31
3579,M8,P19,2010,8,32
3580,M8,P19,2010,9,33
3581,M8,P19,2010,10,34
3582,M8,P19,2010,11,35
3583,M8,P19,2010,12,36
3584,M8,P19,2011,1,37
3585,M8,P19,2011,2,38
3586,M8,P19,2011,3,39
3587,M8,P19,2011,4,40
3588,M8,P19,2011,5,41
3589,M8,P19,2011,6,42
3590,M8,P19,2011,7,43
3591,M8,P20,2010,1,25
3592,M8,P20,2010,2,26
3593,M8,P20,2010,3,27
3594,M8,P20,2010,4,28
3595,M8,P20,2010,5,29
3596,M8,P20,2010,6,30
3597,M8,P20,2010,7,31
3598,M8,P20,2010,8,32
3599,M8,P20,2010,9,33
3600,M8,P20,2010,10,34
3601,M8,P20,2010,11,35
3602,M8,P20,2010,12,36
3603,M8,P20,2011,1,37
3604,M8,P20,2011,2,38
3605,M8,P20,2011,3,39
3606,M8,P20,2011,4,40
3607,M8,P20,2011,5,41
3608,M8,P20,2011,6,42
3609,M8,P20,2011,7,43
3610,M8,P21,2010,1,25
3611,M8,P21,2010,2,26
3612,M8,P21,2010,3,27
3613,M8,P21,2010,4,28
3614,M8,P21,2010,5,29
3615,M8,P21,2010,6,30
3616,M8,P21,2010,7,31
3617,M8,P21,2010,8,32
3618,M8,P21,2010,9,33
3619,M8,P21,2010,10,34
3620,M8,P21,2010,11,35
3621,M8,P21,2010,12,36
3622,M8,P21,2011,1,37
3623,M8,P21,2011,2,38
3624,M8,P21,2011,3,39
3625,M8,P21,2011,4,40
3626,M8,P21,2011,5,41
3627,M8,P21,2011,6,42
3628,M8,P21,2011,7,43
3629,M8,P22,2010,1,25
3630,M8,P22,2010,2,26
3631,M8,P22,2010,3,27
3632,M8,P22,2010,4,28
3633,M8,P22,2010,5,29
3634,M8,P22,2010,6,30
3635,M8,P22,2010,7,31
3636,M8,P22,2010,8,32
3637,M8,P22,2010,9,33
3638,M8,P22,2010,10,34
3639,M8,P22,2010,11,35
3640,M8,P22,2010,12,36
3641,M8,P22,2011,1,37
3642,M8,P22,2011,2,38
3643,M8,P22,2011,3,39
3644,M8,P22,2011,4,40
3645,M8,P22,2011,5,41
3646,M8,P22,2011,6,42
3647,M8,P22,2011,7,43
3648,M8,P24,2010,1,25
3649,M8,P24,2010,2,26
3650,M8,P24,2010,3,27
3651,M8,P24,2010,4,28
3652,M8,P24,2010,5,29
3653,M8,P24,2010,6,30
3654,M8,P24,2010,7,31
3655,M8,P24,2010,8,32
3656,M8,P24,2010,9,33
3657,M8,P24,2010,10,34
3658,M8,P24,2010,11,35
3659,M8,P24,2010,12,36
3660,M8,P24,2011,1,37
3661,M8,P24,2011,2,38
3662,M8,P24,2011,3,39
3663,M8,P24,2011,4,40
3664,M8,P24,2011,5,41
3665,M8,P24,2011,6,42
3666,M8,P24,2011,7,43
3667,M8,P25,2010,1,25
3668,M8,P25,2010,2,26
3669,M8,P25,2010,3,27
3670,M8,P25,2010,4,28
3671,M8,P25,2010,5,29
3672,M8,P25,2010,6,30
3673,M8,P25,2010,7,31
3674,M8,P25,2010,8,32
3675,M8,P25,2010,9,33
3676,M8,P25,2010,10,34
3677,M8,P25,2010,11,35
3678,M8,P25,2010,12,36
3679,M8,P25,2011,1,37
3680,M8,P25,2011,2,38
3681,M8,P25,2011,3,39
3682,M8,P25,2011,4,40
3683,M8,P25,2011,5,41
3684,M8,P25,2011,6,42
3685,M8,P25,2011,7,43
3686,M8,P26,2010,1,25
3687,M8,P26,2010,2,26
3688,M8,P26,2010,3,27
3689,M8,P26,2010,4,28
3690,M8,P26,2010,5,29
3691,M8,P26,2010,6,30
3692,M8,P26,2010,7,31
3693,M8,P26,2010,8,32
3694,M8,P26,2010,9,33
3695,M8,P26,2010,10,34
3696,M8,P26,2010,11,35
3697,M8,P26,2010,12,36
3698,M8,P26,2011,1,37
3699,M8,P26,2011,2,38
3700,M8,P26,2011,3,39
3701,M8,P26,2011,4,40
3702,M8,P26,2011,5,41
3703,M8,P26,2011,6,42
3704,M8,P26,2011,7,43
3705,M8,P27,2010,1,25
3706,M8,P27,2010,2,26
3707,M8,P27,2010,3,27
3708,M8,P27,2010,4,28
3709,M8,P27,2010,5,29
3710,M8,P27,2010,6,30
3711,M8,P27,2010,7,31
3712,M8,P27,2010,8,32
3713,M8,P27,2010,9,33
3714,M8,P27,2010,10,34
3715,M8,P27,2010,11,35
3716,M8,P27,2010,12,36
3717,M8,P27,2011,1,37
3718,M8,P27,2011,2,38
3719,M8,P27,2011,3,39
3720,M8,P27,2011,4,40
3721,M8,P27,2011,5,41
3722,M8,P27,2011,6,42
3723,M8,P27,2011,7,43
3724,M8,P28,2010,1,25
3725,M8,P28,2010,2,26
3726,M8,P28,2010,3,27
3727,M8,P28,2010,4,28
3728,M8,P28,2010,5,29
3729,M8,P28,2010,6,30
3730,M8,P28,2010,7,31
3731,M8,P28,2010,8,32
3732,M8,P28,2010,9,33
3733,M8,P28,2010,10,34
3734,M8,P28,2010,11,35
3735,M8,P28,2010,12,36
3736,M8,P28,2011,1,37
3737,M8,P28,2011,2,38
3738,M8,P28,2011,3,39
3739,M8,P28,2011,4,40
3740,M8,P28,2011,5,41
3741,M8,P28,2011,6,42
3742,M8,P28,2011,7,43
3743,M8,P30,2010,1,25
3744,M8,P30,2010,2,26
3745,M8,P30,2010,3,27
3746,M8,P30,2010,4,28
3747,M8,P30,2010,5,29
3748,M8,P30,2010,6,30
3749,M8,P30,2010,7,31
3750,M8,P30,2010,8,32
3751,M8,P30,2010,9,33
3752,M8,P30,2010,10,34
3753,M8,P30,2010,11,35
3754,M8,P30,2010,12,36
3755,M8,P30,2011,1,37
3756,M8,P30,2011,2,38
3757,M8,P30,2011,3,39
3758,M8,P30,2011,4,40
3759,M8,P30,2011,5,41
3760,M8,P30,2011,6,42
3761,M8,P30,2011,7,43
3762,M8,P31,2010,1,25
3763,M8,P31,2010,2,26
3764,M8,P31,2010,3,27
3765,M8,P31,2010,4,28
3766,M8,P31,2010,5,29
3767,M8,P31,2010,6,30
3768,M8,P31,2010,7,31
3769,M8,P31,2010,8,32
3770,M8,P31,2010,9,33
3771,M8,P31,2010,10,34
3772,M8,P31,2010,11,35
3773,M8,P31,2010,12,36
3774,M8,P31,2011,1,37
3775,M8,P31,2011,2,38
3776,M8,P31,2011,3,39
3777,M8,P31,2011,4,40
3778,M8,P31,2011,5,41
3779,M8,P31,2011,6,42
3780,M8,P31,2011,7,43
3781,M9,P01,2010,1,25
3782,M9,P01,2010,2,26
3783,M9,P01,2010,3,27
3784,M9,P01,2010,4,28
3785,M9,P01,2010,5,29
3786,M9,P01,2010,6,30
3787,M9,P01,2010,7,31
3788,M9,P01,2010,8,32
3789,M9,P01,2010,9,33
3790,M9,P01,2010,10,34
3791,M9,P01,2010,11,35
3792,M9,P01,2010,12,36
3793,M9,P01,2011,1,37
3794,M9,P01,2011,2,38
3795,M9,P01,2011,3,39
3796,M9,P01,2011,4,40
3797,M9,P01,2011,5,41
3798,M9,P01,2011,6,42
3799,M9,P01,2011,7,43
3800,M9,P02,2010,1,25
3801,M9,P02,2010,2,26
3802,M9,P02,2010,3,27
3803,M9,P02,2010,4,28
3804,M9,P02,2010,5,29
3805,M9,P02,2010,6,30
3806,M9,P02,2010,7,31
3807,M9,P02,2010,8,32
3808,M9,P02,2010,9,33
3809,M9,P02,2010,10,34
3810,M9,P02,2010,11,35
3811,M9,P02,2010,12,36
3812,M9,P02,2011,1,37
3813,M9,P02,2011,2,38
3814,M9,P02,2011,3,39
3815,M9,P02,2011,4,40
3816,M9,P02,2011,5,41
3817,M9,P02,2011,6,42
3818,M9,P02,2011,7,43
3819,M9,P04,2010,1,25
3820,M9,P04,2010,2,26
3821,M9,P04,2010,3,27
3822,M9,P04,2010,4,28
3823,M9,P04,2010,5,29
3824,M9,P04,2010,6,30
3825,M9,P04,2010,7,31
3826,M9,P04,2010,8,32
3827,M9,P04,2010,9,33
3828,M9,P04,2010,10,34
3829,M9,P04,2010,11,35
3830,M9,P04,2010,12,36
3831,M9,P04,2011,1,37
3832,M9,P04,2011,2,38
3833,M9,P04,2011,3,39
3834,M9,P04,2011,4,40
3835,M9,P04,2011,5,41
3836,M9,P04,2011,6,42
3837,M9,P04,2011,7,43
3838,M9,P05,2010,1,25
3839,M9,P05,2010,2,26
3840,M9,P05,2010,3,27
3841,M9,P05,2010,4,28
3842,M9,P05,2010,5,29
3843,M9,P05,2010,6,30
3844,M9,P05,2010,7,31
3845,M9,P05,2010,8,32
3846,M9,P05,2010,9,33
3847,M9,P05,2010,10,34
3848,M9,P05,2010,11,35
3849,M9,P05,2010,12,36
3850,M9,P05,2011,1,37
3851,M9,P05,2011,2,38
3852,M9,P05,2011,3,39
3853,M9,P05,2011,4,40
3854,M9,P05,2011,5,41
3855,M9,P05,2011,6,42
3856,M9,P05,2011,7,43
3857,M9,P06,2010,1,25
3858,M9,P06,2010,2,26
3859,M9,P06,2010,3,27
3860,M9,P06,2010,4,28
3861,M9,P06,2010,5,29
3862,M9,P06,2010,6,30
3863,M9,P06,2010,7,31
3864,M9,P06,2010,8,32
3865,M9,P06,2010,9,33
3866,M9,P06,2010,10,34
3867,M9,P06,2010,11,35
3868,M9,P06,2010,12,36
3869,M9,P06,2011,1,37
3870,M9,P06,2011,2,38
3871,M9,P06,2011,3,39
3872,M9,P06,2011,4,40
3873,M9,P06,2011,5,41
3874,M9,P06,2011,6,42
3875,M9,P06,2011,7,43
3876,M9,P09,2010,1,25
3877,M9,P09,2010,2,26
3878,M9,P09,2010,3,27
3879,M9,P09,2010,4,28
3880,M9,P09,2010,5,29
3881,M9,P09,2010,6,30
3882,M9,P09,2010,7,31
3883,M9,P09,2010,8,32
3884,M9,P09,2010,9,33
3885,M9,P09,2010,10,34
3886,M9,P09,2010,11,35
3887,M9,P09,2010,12,36
3888,M9,P09,2011,1,37
3889,M9,P09,2011,2,38
3890,M9,P09,2011,3,39
3891,M9,P09,2011,4,40
3892,M9,P09,2011,5,41
3893,M9,P09,2011,6,42
3894,M9,P09,2011,7,43
3895,M9,P10,2010,1,25
3896,M9,P10,2010,2,26
3897,M9,P10,2010,3,27
3898,M9,P10,2010,4,28
3899,M9,P10,2010,5,29
3900,M9,P10,2010,6,30
3901,M9,P10,2010,7,31
3902,M9,P10,2010,8,32
3903,M9,P10,2010,9,33
3904,M9,P10,2010,10,34
3905,M9,P10,2010,11,35
3906,M9,P10,2010,12,36
3907,M9,P10,2011,1,37
3908,M9,P10,2011,2,38
3909,M9,P10,2011,3,39
3910,M9,P10,2011,4,40
3911,M9,P10,2011,5,41
3912,M9,P10,2011,6,42
3913,M9,P10,2011,7,43
3914,M9,P11,2010,1,25
3915,M9,P11,2010,2,26
3916,M9,P11,2010,3,27
3917,M9,P11,2010,4,28
3918,M9,P11,2010,5,29
3919,M9,P11,2010,6,30
3920,M9,P11,2010,7,31
3921,M9,P11,2010,8,32
3922,M9,P11,2010,9,33
3923,M9,P11,2010,10,34
3924,M9,P11,2010,11,35
3925,M9,P11,2010,12,36
3926,M9,P11,2011,1,37
3927,M9,P11,2011,2,38
3928,M9,P11,2011,3,39
3929,M9,P11,2011,4,40
3930,M9,P11,2011,5,41
3931,M9,P11,2011,6,42
3932,M9,P11,2011,7,43
3933,M9,P12,2010,1,25
3934,M9,P12,2010,2,26
3935,M9,P12,2010,3,27
3936,M9,P12,2010,4,28
3937,M9,P12,2010,5,29
3938,M9,P12,2010,6,30
3939,M9,P12,2010,7,31
3940,M9,P12,2010,8,32
3941,M9,P12,2010,9,33
3942,M9,P12,2010,10,34
3943,M9,P12,2010,11,35
3944,M9,P12,2010,12,36
3945,M9,P12,2011,1,37
3946,M9,P12,2011,2,38
3947,M9,P12,2011,3,39
3948,M9,P12,2011,4,40
3949,M9,P12,2011,5,41
3950,M9,P12,2011,6,42
3951,M9,P12,2011,7,43
3952,M9,P13,2010,1,25
3953,M9,P13,2010,2,26
3954,M9,P13,2010,3,27
3955,M9,P13,2010,4,28
3956,M9,P13,2010,5,29
3957,M9,P13,2010,6,30
3958,M9,P13,2010,7,31
3959,M9,P13,2010,8,32
3960,M9,P13,2010,9,33
3961,M9,P13,2010,10,34
3962,M9,P13,2010,11,35
3963,M9,P13,2010,12,36
3964,M9,P13,2011,1,37
3965,M9,P13,2011,2,38
3966,M9,P13,2011,3,39
3967,M9,P13,2011,4,40
3968,M9,P13,2011,5,41
3969,M9,P13,2011,6,42
3970,M9,P13,2011,7,43
3971,M9,P15,2010,1,25
3972,M9,P15,2010,2,26
3973,M9,P15,2010,3,27
3974,M9,P15,2010,4,28
3975,M9,P15,2010,5,29
3976,M9,P15,2010,6,30
3977,M9,P15,2010,7,31
3978,M9,P15,2010,8,32
3979,M9,P15,2010,9,33
3980,M9,P15,2010,10,34
3981,M9,P15,2010,11,35
3982,M9,P15,2010,12,36
3983,M9,P15,2011,1,37
3984,M9,P15,2011,2,38
3985,M9,P15,2011,3,39
3986,M9,P15,2011,4,40
3987,M9,P15,2011,5,41
3988,M9,P15,2011,6,42
3989,M9,P15,2011,7,43
3990,M9,P16,2010,1,25
3991,M9,P16,2010,2,26
3992,M9,P16,2010,3,27
3993,M9,P16,2010,4,28
3994,M9,P16,2010,5,29
3995,M9,P16,2010,6,30
3996,M9,P16,2010,7,31
3997,M9,P16,2010,8,32
3998,M9,P16,2010,9,33
3999,M9,P16,2010,10,34
4000,M9,P16,2010,11,35
4001,M9,P16,2010,12,36
4002,M9,P16,2011,1,37
4003,M9,P16,2011,2,38
4004,M9,P16,2011,3,39
4005,M9,P16,2011,4,40
4006,M9,P16,2011,5,41
4007,M9,P16,2011,6,42
4008,M9,P16,2011,7,43
4009,M9,P17,2010,1,25
4010,M9,P17,2010,2,26
4011,M9,P17,2010,3,27
4012,M9,P17,2010,4,28
4013,M9,P17,2010,5,29
4014,M9,P17,2010,6,30
4015,M9,P17,2010,7,31
4016,M9,P17,2010,8,32
4017,M9,P17,2010,9,33
4018,M9,P17,2010,10,34
4019,M9,P17,2010,11,35
4020,M9,P17,2010,12,36
4021,M9,P17,2011,1,37
4022,M9,P17,2011,2,38
4023,M9,P17,2011,3,39
4024,M9,P17,2011,4,40
4025,M9,P17,2011,5,41
4026,M9,P17,2011,6,42
4027,M9,P17,2011,7,43
4028,M9,P19,2010,1,25
4029,M9,P19,2010,2,26
4030,M9,P19,2010,3,27
4031,M9,P19,2010,4,28
4032,M9,P19,2010,5,29
4033,M9,P19,2010,6,30
4034,M9,P19,2010,7,31
4035,M9,P19,2010,8,32
4036,M9,P19,2010,9,33
4037,M9,P19,2010,10,34
4038,M9,P19,2010,11,35
4039,M9,P19,2010,12,36
4040,M9,P19,2011,1,37
4041,M9,P19,2011,2,38
4042,M9,P19,2011,3,39
4043,M9,P19,2011,4,40
4044,M9,P19,2011,5,41
4045,M9,P19,2011,6,42
4046,M9,P19,2011,7,43
4047,M9,P20,2010,1,25
4048,M9,P20,2010,2,26
4049,M9,P20,2010,3,27
4050,M9,P20,2010,4,28
4051,M9,P20,2010,5,29
4052,M9,P20,2010,6,30
4053,M9,P20,2010,7,31
4054,M9,P20,2010,8,32
4055,M9,P20,2010,9,33
4056,M9,P20,2010,10,34
4057,M9,P20,2010,11,35
4058,M9,P20,2010,12,36
4059,M9,P20,2011,1,37
4060,M9,P20,2011,2,38
4061,M9,P20,2011,3,39
4062,M9,P20,2011,4,40
4063,M9,P20,2011,5,41
4064,M9,P20,2011,6,42
4065,M9,P20,2011,7,43
4066,M9,P21,2010,1,25
4067,M9,P21,2010,2,26
4068,M9,P21,2010,3,27
4069,M9,P21,2010,4,28
4070,M9,P21,2010,5,29
4071,M9,P21,2010,6,30
4072,M9,P21,2010,7,31
4073,M9,P21,2010,8,32
4074,M9,P21,2010,9,33
4075,M9,P21,2010,10,34
4076,M9,P21,2010,11,35
4077,M9,P21,2010,12,36
4078,M9,P21,2011,1,37
4079,M9,P21,2011,2,38
4080,M9,P21,2011,3,39
4081,M9,P21,2011,4,40
4082,M9,P21,2011,5,41
4083,M9,P21,2011,6,42
4084,M9,P21,2011,7,43
4085,M9,P22,2010,1,25
4086,M9,P22,2010,2,26
4087,M9,P22,2010,3,27
4088,M9,P22,2010,4,28
4089,M9,P22,2010,5,29
4090,M9,P22,2010,6,30
4091,M9,P22,2010,7,31
4092,M9,P22,2010,8,32
4093,M9,P22,2010,9,33
4094,M9,P22,2010,10,34
4095,M9,P22,2010,11,35
4096,M9,P22,2010,12,36
4097,M9,P22,2011,1,37
4098,M9,P22,2011,2,38
4099,M9,P22,2011,3,39
4100,M9,P22,2011,4,40
4101,M9,P22,2011,5,41
4102,M9,P22,2011,6,42
4103,M9,P22,2011,7,43
4104,M9,P23,2010,1,25
4105,M9,P23,2010,2,26
4106,M9,P23,2010,3,27
4107,M9,P23,2010,4,28
4108,M9,P23,2010,5,29
4109,M9,P23,2010,6,30
4110,M9,P23,2010,7,31
4111,M9,P23,2010,8,32
4112,M9,P23,2010,9,33
4113,M9,P23,2010,10,34
4114,M9,P23,2010,11,35
4115,M9,P23,2010,12,36
4116,M9,P23,2011,1,37
4117,M9,P23,2011,2,38
4118,M9,P23,2011,3,39
4119,M9,P23,2011,4,40
4120,M9,P23,2011,5,41
4121,M9,P23,2011,6,42
4122,M9,P23,2011,7,43
4123,M9,P24,2010,1,25
4124,M9,P24,2010,2,26
4125,M9,P24,2010,3,27
4126,M9,P24,2010,4,28
4127,M9,P24,2010,5,29
4128,M9,P24,2010,6,30
4129,M9,P24,2010,7,31
4130,M9,P24,2010,8,32
4131,M9,P24,2010,9,33
4132,M9,P24,2010,10,34
4133,M9,P24,2010,11,35
4134,M9,P24,2010,12,36
4135,M9,P24,2011,1,37
4136,M9,P24,2011,2,38
4137,M9,P24,2011,3,39
4138,M9,P24,2011,4,40
4139,M9,P24,2011,5,41
4140,M9,P24,2011,6,42
4141,M9,P24,2011,7,43
4142,M9,P25,2010,1,25
4143,M9,P25,2010,2,26
4144,M9,P25,2010,3,27
4145,M9,P25,2010,4,28
4146,M9,P25,2010,5,29
4147,M9,P25,2010,6,30
4148,M9,P25,2010,7,31
4149,M9,P25,2010,8,32
4150,M9,P25,2010,9,33
4151,M9,P25,2010,10,34
4152,M9,P25,2010,11,35
4153,M9,P25,2010,12,36
4154,M9,P25,2011,1,37
4155,M9,P25,2011,2,38
4156,M9,P25,2011,3,39
4157,M9,P25,2011,4,40
4158,M9,P25,2011,5,41
4159,M9,P25,2011,6,42
4160,M9,P25,2011,7,43
4161,M9,P26,2010,1,25
4162,M9,P26,2010,2,26
4163,M9,P26,2010,3,27
4164,M9,P26,2010,4,28
4165,M9,P26,2010,5,29
4166,M9,P26,2010,6,30
4167,M9,P26,2010,7,31
4168,M9,P26,2010,8,32
4169,M9,P26,2010,9,33
4170,M9,P26,2010,10,34
4171,M9,P26,2010,11,35
4172,M9,P26,2010,12,36
4173,M9,P26,2011,1,37
4174,M9,P26,2011,2,38
4175,M9,P26,2011,3,39
4176,M9,P26,2011,4,40
4177,M9,P26,2011,5,41
4178,M9,P26,2011,6,42
4179,M9,P26,2011,7,43
4180,M9,P27,2010,1,25
4181,M9,P27,2010,2,26
4182,M9,P27,2010,3,27
4183,M9,P27,2010,4,28
4184,M9,P27,2010,5,29
4185,M9,P27,2010,6,30
4186,M9,P27,2010,7,31
4187,M9,P27,2010,8,32
4188,M9,P27,2010,9,33
4189,M9,P27,2010,10,34
4190,M9,P27,2010,11,35
4191,M9,P27,2010,12,36
4192,M9,P27,2011,1,37
4193,M9,P27,2011,2,38
4194,M9,P27,2011,3,39
4195,M9,P27,2011,4,40
4196,M9,P27,2011,5,41
4197,M9,P27,2011,6,42
4198,M9,P27,2011,7,43
4199,M9,P28,2010,1,25
4200,M9,P28,2010,2,26
4201,M9,P28,2010,3,27
4202,M9,P28,2010,4,28
4203,M9,P28,2010,5,29
4204,M9,P28,2010,6,30
4205,M9,P28,2010,7,31
4206,M9,P28,2010,8,32
4207,M9,P28,2010,9,33
4208,M9,P28,2010,10,34
4209,M9,P28,2010,11,35
4210,M9,P28,2010,12,36
4211,M9,P28,2011,1,37
4212,M9,P28,2011,2,38
4213,M9,P28,2011,3,39
4214,M9,P28,2011,4,40
4215,M9,P28,2011,5,41
4216,M9,P28,2011,6,42
4217,M9,P28,2011,7,43
4218,M9,P30,2010,1,25
4219,M9,P30,2010,2,26
4220,M9,P30,2010,3,27
4221,M9,P30,2010,4,28
4222,M9,P30,2010,5,29
4223,M9,P30,2010,6,30
4224,M9,P30,2010,7,31
4225,M9,P30,2010,8,32
4226,M9,P30,2010,9,33
4227,M9,P30,2010,10,34
4228,M9,P30,2010,11,35
4229,M9,P30,2010,12,36
4230,M9,P30,2011,1,37
4231,M9,P30,2011,2,38
4232,M9,P30,2011,3,39
4233,M9,P30,2011,4,40
4234,M9,P30,2011,5,41
4235,M9,P30,2011,6,42
4236,M9,P30,2011,7,43
4237,M9,P31,2010,1,25
4238,M9,P31,2010,2,26
4239,M9,P31,2010,3,27
4240,M9,P31,2010,4,28
4241,M9,P31,2010,5,29
4242,M9,P31,2010,6,30
4243,M9,P31,2010,7,31
4244,M9,P31,2010,8,32
4245,M9,P31,2010,9,33
4246,M9,P31,2010,10,34
4247,M9,P31,2010,11,35
4248,M9,P31,2010,12,36
4249,M9,P31,2011,1,37
4250,M9,P31,2011,2,38
4251,M9,P31,2011,3,39
4252,M9,P31,2011,4,40
4253,M9,P31,2011,5,41
4254,M9,P31,2011,6,42
4255,M9,P31,2011,7,43
